TEAM_ID,TIMESTAMP,PACKET_COUNT,ALTITUDE,PRESSURE,TEMP,VOLTAGE,GNSS_TIME,GNSS_LAT,GNSS_LONG,GNSS_ALT,GNSS_SATS,ACCEL_X,ACCEL_Y,ACCEL_Z,GYRO_X,GYRO_Y,GYRO_Z,GYRO_SPIN_RATE,FLIGHT_STATE,SERVO_STATUS,PID_SPEED,ERROR_CODE
2024-ASI-CANSAT-049,5339,0,-11.98,909.31,27.97,0.03,,0.000000,0.000000,0.00,0,0.050,0.061,-0.860,-4.665,1.616,-3.384,5.985,0,SERVO:CLOSED,-7.00,45
2024-ASI-CANSAT-049,6202,1,-11.97,909.30,27.96,0.07,23:59:47,0.000000,0.000000,0.00,0,-0.313,0.031,-0.861,-4.695,1.738,-3.323,6.009,0,SERVO:CLOSED,0.76,45
2024-ASI-CANSAT-049,7202,2,-0.25,910.65,28.80,0.04,23:59:48,0.000000,0.000000,0.00,0,0.050,0.059,-0.859,-4.665,1.707,-3.293,5.959,0,,45
2024-ASI-CANSAT-049,8206,3,-12.03,909.31,27.95,0.02,23:59:49,0.000000,0.000000,0.00,0,-0.312,0.059,-0.860,-4.604,1.677,-3.323,5.920,0,SERVO:CLOSED,8.51,45
2024-ASI-CANSAT-049,9212,4,-12.06,909.31,27.93,0.03,23:59:50,0.000000,0.000000,0.00,0,0.051,0.061,-0.860,-4.634,1.646,-3.323,5.935,0,SERVO:CLOSED,2.60,45
2024-ASI-CANSAT-049,10215,5,-12.03,909.31,27.93,0.03,23:59:51,0.000000,0.000000,0.00,0,-0.301,0.074,-0.859,-4.634,1.646,-3.323,5.935,0,SERVO:CLOSED,1.24,45
2024-ASI-CANSAT-049,11224,6,-12.05,909.31,27.92,0.02,23:59:52,0.000000,0.000000,0.00,0,0.050,0.059,-0.861,-4.665,1.677,-3.384,6.002,1,SERVO:CLOSED,-7.63,45
2024-ASI-CANSAT-049,12231,7,-12.06,909.31,27.92,0.00,23:59:53,0.000000,0.000000,0.00,0,-0.315,0.068,-0.858,-4.604,1.646,-3.293,5.895,1,SERVO:CLOSED,-9.82,45
2024-ASI-CANSAT-049,13238,8,-12.06,909.31,27.92,0.01,23:59:54,0.000000,0.000000,0.00,0,0.051,0.062,-0.863,-4.665,1.646,-3.354,5.976,1,SERVO:CLOSED,6.98,45
2024-ASI-CANSAT-049,14245,9,-12.10,909.32,27.92,0.01,23:59:55,0.000000,0.000000,0.00,0,-0.325,0.062,-0.859,-4.604,1.585,-3.232,5.844,1,SERVO:CLOSED,7.58,45
2024-ASI-CANSAT-049,15248,10,-12.08,909.32,27.92,0.01,23:59:56,0.000000,0.000000,0.00,0,0.113,0.222,-0.851,-7.256,2.622,-2.927,8.252,1,SERVO:CLOSED,9.83,45
2024-ASI-CANSAT-049,16252,11,-12.11,909.32,27.92,0.01,23:59:57,0.000000,0.000000,0.00,0,0.041,0.061,-0.862,-4.604,1.646,-3.476,5.999,1,SERVO:CLOSED,3.82,45
2024-ASI-CANSAT-049,17252,12,-12.11,909.32,27.93,0.04,23:59:58,0.000000,0.000000,0.00,0,0.051,0.059,-0.860,-4.665,1.555,-3.293,5.918,1,SERVO:CLOSED,-9.95,45
2024-ASI-CANSAT-049,18256,13,-12.20,909.33,27.93,0.03,23:59:59,0.000000,0.000000,0.00,0,0.051,0.062,-0.860,-4.634,1.677,-3.293,5.927,1,SERVO:CLOSED,-9.98,45
2024-ASI-CANSAT-049,19264,14,-12.18,909.33,27.93,0.03,00:00:00,0.000000,0.000000,0.00,0,0.050,0.058,-0.860,-4.604,1.646,-3.323,5.912,1,SERVO:CLOSED,-4.83,45
2024-ASI-CANSAT-049,20266,15,-12.20,909.33,27.94,0.02,00:00:01,0.000000,0.000000,0.00,0,0.051,0.060,-0.859,-4.695,1.646,-3.323,5.983,1,SERVO:CLOSED,4.56,45
2024-ASI-CANSAT-049,21274,16,-12.11,909.32,27.94,0.00,00:00:03,0.000000,0.000000,0.00,0,0.048,0.060,-0.863,-4.634,1.707,-3.323,5.953,1,SERVO:CLOSED,6.13,45
2024-ASI-CANSAT-049,22276,17,-12.17,909.33,27.93,0.00,00:00:04,0.000000,0.000000,0.00,0,0.050,0.061,-0.861,-4.695,1.677,-3.354,6.009,1,SERVO:CLOSED,5.42,45
2024-ASI-CANSAT-049,23279,18,-12.17,909.33,27.94,0.00,00:00:05,0.000000,0.000000,0.00,0,0.049,0.060,-0.860,-4.726,1.646,-3.323,6.007,1,SERVO:CLOSED,-3.10,45
2024-ASI-CANSAT-049,24286,19,-12.14,909.32,27.94,0.00,00:00:06,0.000000,0.000000,0.00,0,0.051,0.059,-0.861,-4.634,1.616,-3.323,5.927,1,SERVO:CLOSED,-9.78,45
2024-ASI-CANSAT-049,25296,20,-12.14,909.32,27.93,0.00,00:00:07,0.000000,0.000000,0.00,0,0.050,0.058,-0.858,-4.634,1.616,-3.323,5.927,1,SERVO:CLOSED,1.27,45
2024-ASI-CANSAT-049,26300,21,-12.16,909.33,27.93,0.00,00:00:08,0.000000,0.000000,0.00,0,0.054,0.060,-0.861,-4.665,1.677,-3.354,5.985,1,SERVO:CLOSED,2.62,45
2024-ASI-CANSAT-049,27307,22,-12.17,909.33,27.93,0.00,00:00:09,0.000000,0.000000,0.00,0,0.051,0.060,-0.861,-4.665,1.616,-3.384,5.985,1,SERVO:CLOSED,8.97,45
2024-ASI-CANSAT-049,28313,23,-12.19,909.33,27.93,0.00,00:00:10,0.000000,0.000000,0.00,0,0.051,0.061,-0.862,-4.665,1.616,-3.384,5.985,1,SERVO:CLOSED,7.73,45
2024-ASI-CANSAT-049,29323,24,-12.18,909.33,27.93,0.00,00:00:11,0.000000,0.000000,0.00,0,0.051,0.059,-0.862,-4.665,1.677,-3.354,5.985,1,SERVO:CLOSED,-9.00,45
2024-ASI-CANSAT-049,30334,25,-12.23,909.33,27.93,0.00,00:00:12,0.000000,0.000000,0.00,0,0.051,0.060,-0.860,-4.665,1.646,-3.354,5.976,1,SERVO:CLOSED,-9.34,45
2024-ASI-CANSAT-049,31340,26,-12.22,909.33,27.94,0.00,00:00:13,0.000000,0.000000,0.00,0,0.051,0.060,-0.861,-4.634,1.585,-3.293,5.902,1,SERVO:CLOSED,-8.33,45
2024-ASI-CANSAT-049,32350,27,-12.17,909.33,27.94,0.00,00:00:14,0.000000,0.000000,0.00,0,0.050,0.060,-0.859,-4.665,1.646,-3.293,5.942,1,SERVO:CLOSED,0.18,45
2024-ASI-CANSAT-049,33352,28,-12.16,909.33,27.94,0.00,00:00:15,0.000000,0.000000,0.00,0,0.050,0.060,-0.862,-4.665,1.616,-3.293,5.934,1,SERVO:CLOSED,8.98,45
2024-ASI-CANSAT-049,34357,29,-12.09,909.32,27.94,0.00,00:00:16,0.000000,0.000000,0.00,0,0.050,0.061,-0.860,-4.695,1.555,-3.323,5.959,1,SERVO:CLOSED,8.56,45
2024-ASI-CANSAT-049,35363,30,-12.09,909.32,27.95,0.00,00:00:17,0.000000,0.000000,0.00,0,0.049,0.059,-0.863,-4.665,1.585,-3.293,5.926,1,SERVO:CLOSED,1.57,45
2024-ASI-CANSAT-049,36372,31,-12.12,909.32,27.95,0.00,00:00:18,0.000000,0.000000,0.00,0,0.049,0.060,-0.862,-4.665,1.677,-3.354,5.985,1,SERVO:CLOSED,-6.71,45
2024-ASI-CANSAT-049,37372,32,-12.13,909.32,27.95,0.00,00:00:19,0.000000,0.000000,0.00,0,0.050,0.060,-0.864,-4.665,1.677,-3.323,5.968,1,SERVO:CLOSED,-2.42,45
2024-ASI-CANSAT-049,38379,33,-12.21,909.33,27.95,0.00,00:00:20,0.000000,0.000000,0.00,0,0.050,0.061,-0.860,-4.695,1.585,-3.293,5.950,1,SERVO:CLOSED,-1.56,45
2024-ASI-CANSAT-049,39380,34,-12.17,909.33,27.96,0.00,00:00:21,0.000000,0.000000,0.00,0,0.049,0.060,-0.862,-4.665,1.646,-3.293,5.942,1,SERVO:CLOSED,6.78,45
2024-ASI-CANSAT-049,40382,35,-12.17,909.33,27.95,0.00,00:00:22,0.000000,0.000000,0.00,0,0.051,0.060,-0.862,-4.634,1.585,-3.323,5.919,1,SERVO:CLOSED,9.97,45
2024-ASI-CANSAT-049,41391,36,-12.14,909.32,27.95,0.00,00:00:23,0.000000,0.000000,0.00,0,0.051,0.060,-0.862,-4.695,1.707,-3.323,6.000,1,SERVO:CLOSED,-4.74,45
2024-ASI-CANSAT-049,42399,37,-12.10,909.32,27.95,0.00,00:00:24,0.000000,0.000000,0.00,0,0.051,0.060,-0.862,-4.665,1.616,-3.293,5.934,1,SERVO:CLOSED,-5.90,45
2024-ASI-CANSAT-049,43403,38,-12.16,909.32,27.95,0.00,00:00:25,0.000000,0.000000,0.00,0,0.050,0.060,-0.861,-4.695,1.677,-3.262,5.958,1,SERVO:CLOSED,-9.98,45
2024-ASI-CANSAT-049,44407,39,-12.17,909.33,27.95,0.00,00:00:26,0.000000,0.000000,0.00,0,0.050,0.060,-0.860,-4.695,1.738,-3.354,6.026,1,SERVO:CLOSED,-5.34,45
2024-ASI-CANSAT-049,45416,40,-12.23,909.33,27.95,0.00,00:00:27,0.000000,0.000000,0.00,0,0.050,0.060,-0.861,-4.634,1.677,-3.354,5.961,1,SERVO:CLOSED,9.82,45
2024-ASI-CANSAT-049,46422,41,-12.25,909.34,27.96,0.00,00:00:28,0.000000,0.000000,0.00,0,0.049,0.060,-0.861,-4.665,1.707,-3.262,5.943,1,SERVO:CLOSED,9.99,45
2024-ASI-CANSAT-049,47422,42,-12.28,909.34,27.96,0.00,00:00:29,0.000000,0.000000,0.00,0,0.051,0.058,-0.860,-4.695,1.677,-3.415,6.043,1,SERVO:CLOSED,5.86,45
2024-ASI-CANSAT-049,48422,43,-12.31,909.34,27.96,0.00,00:00:30,0.000000,0.000000,0.00,0,0.050,0.060,-0.857,-4.634,1.585,-3.293,5.902,1,SERVO:CLOSED,-3.62,45
2024-ASI-CANSAT-049,49425,44,-12.32,909.34,27.96,0.00,00:00:31,0.000000,0.000000,0.00,0,0.049,0.060,-0.860,-4.695,1.646,-3.323,5.983,1,SERVO:CLOSED,-6.74,45
2024-ASI-CANSAT-049,50431,45,-12.25,909.33,27.96,0.00,00:00:32,0.000000,0.000000,0.00,0,0.050,0.060,-0.857,-4.665,1.677,-3.354,5.985,1,SERVO:CLOSED,-6.06,45
2024-ASI-CANSAT-049,51436,46,-12.18,909.33,27.97,0.00,00:00:33,0.000000,0.000000,0.00,0,0.051,0.061,-0.858,-4.726,1.646,-3.323,6.007,1,SERVO:CLOSED,2.47,45
2024-ASI-CANSAT-049,52440,47,-12.28,909.34,27.97,0.00,00:00:34,0.000000,0.000000,0.00,0,0.049,0.062,-0.860,-4.634,1.646,-3.293,5.918,1,SERVO:CLOSED,9.41,45
2024-ASI-CANSAT-049,53440,48,-12.25,909.34,27.97,0.00,00:00:35,0.000000,0.000000,0.00,0,0.049,0.058,-0.860,-4.604,1.646,-3.323,5.912,1,SERVO:CLOSED,-0.87,45
2024-ASI-CANSAT-049,54446,49,-12.21,909.33,27.97,0.00,00:00:36,0.000000,0.000000,0.00,0,0.050,0.060,-0.858,-4.665,1.555,-3.354,5.952,1,SERVO:CLOSED,-1.73,45
2024-ASI-CANSAT-049,55453,50,-12.14,909.32,27.99,0.00,00:00:37,0.000000,0.000000,0.00,0,0.051,0.060,-0.862,-4.665,1.646,-3.293,5.942,1,SERVO:CLOSED,-8.26,45
2024-ASI-CANSAT-049,56453,51,-12.19,909.33,27.98,0.00,00:00:38,0.000000,0.000000,0.00,0,0.053,0.061,-0.863,-4.634,1.646,-3.354,5.953,1,SERVO:CLOSED,-8.51,45
2024-ASI-CANSAT-049,57455,52,-12.32,909.34,27.97,0.00,00:00:39,0.000000,0.000000,0.00,0,0.053,0.057,-0.862,-4.665,1.646,-3.323,5.959,1,SERVO:CLOSED,8.39,45
2024-ASI-CANSAT-049,58461,53,-12.33,909.34,27.97,0.00,00:00:40,0.000000,0.000000,0.00,0,0.051,0.061,-0.862,-4.756,1.677,-3.293,6.023,1,SERVO:CLOSED,8.84,45
2024-ASI-CANSAT-049,59463,54,-12.38,909.35,27.98,0.00,00:00:41,0.000000,0.000000,0.00,0,0.049,0.059,-0.859,-4.665,1.646,-3.293,5.942,1,SERVO:CLOSED,9.18,45
2024-ASI-CANSAT-049,60467,55,-12.31,909.34,27.98,0.00,00:00:42,0.000000,0.000000,0.00,0,0.049,0.059,-0.864,-4.726,1.616,-3.384,6.033,1,SERVO:CLOSED,2.67,45
2024-ASI-CANSAT-049,61467,56,-12.33,909.34,27.98,0.00,00:00:43,0.000000,0.000000,0.00,0,0.051,0.064,-0.860,-4.695,1.646,-3.323,5.983,1,SERVO:CLOSED,-9.52,45
2024-ASI-CANSAT-049,62474,57,-12.32,909.34,27.98,0.00,00:00:44,0.000000,0.000000,0.00,0,0.050,0.058,-0.861,-4.726,1.616,-3.323,5.999,1,SERVO:CLOSED,-9.21,45
2024-ASI-CANSAT-049,63481,58,-12.31,909.34,27.99,0.00,00:00:45,0.000000,0.000000,0.00,0,0.050,0.060,-0.860,-4.756,1.585,-3.293,5.998,1,SERVO:CLOSED,-2.68,45
2024-ASI-CANSAT-049,64482,59,-12.31,909.34,27.99,0.00,00:00:46,0.000000,0.000000,0.00,0,0.052,0.057,-0.858,-4.634,1.646,-3.354,5.953,1,SERVO:CLOSED,6.68,45
2024-ASI-CANSAT-049,65489,60,-12.24,909.33,27.99,0.00,00:00:47,0.000000,0.000000,0.00,0,0.049,0.059,-0.861,-4.634,1.616,-3.354,5.944,1,SERVO:CLOSED,5.15,45
2024-ASI-CANSAT-049,66495,61,-12.22,909.33,28.00,0.00,00:00:48,0.000000,0.000000,0.00,0,0.050,0.062,-0.859,-4.665,1.646,-3.293,5.942,1,SERVO:CLOSED,3.23,45
2024-ASI-CANSAT-049,67504,62,-12.10,909.32,28.00,0.00,00:00:49,0.000000,0.000000,0.00,0,0.050,0.059,-0.860,-4.665,1.616,-3.323,5.951,1,SERVO:CLOSED,-4.29,45
2024-ASI-CANSAT-049,68504,63,-12.26,909.34,28.00,0.00,00:00:50,0.000000,0.000000,0.00,0,0.047,0.062,-0.861,-4.634,1.616,-3.293,5.910,1,SERVO:CLOSED,-10.00,45
2024-ASI-CANSAT-049,69512,64,-12.33,909.34,28.01,0.00,00:00:51,0.000000,0.000000,0.00,0,0.051,0.062,-0.859,-4.695,1.616,-3.262,5.941,1,SERVO:CLOSED,4.47,45
2024-ASI-CANSAT-049,70516,65,-12.30,909.34,28.01,0.00,00:00:52,0.000000,0.000000,0.00,0,0.050,0.059,-0.860,-4.665,1.585,-3.262,5.909,1,SERVO:CLOSED,5.23,45
2024-ASI-CANSAT-049,71516,66,-12.34,909.35,28.02,0.00,00:00:53,0.000000,0.000000,0.00,0,0.051,0.060,-0.858,-4.634,1.646,-3.323,5.935,1,SERVO:CLOSED,9.92,45
2024-ASI-CANSAT-049,72526,67,-12.39,909.35,28.02,0.00,00:00:54,0.000000,0.000000,0.00,0,0.051,0.061,-0.861,-4.665,1.616,-3.323,5.951,1,SERVO:CLOSED,6.06,45
2024-ASI-CANSAT-049,73526,68,-12.35,909.35,28.01,0.00,00:00:55,0.000000,0.000000,0.00,0,0.050,0.060,-0.861,-4.695,1.616,-3.262,5.941,1,SERVO:CLOSED,-9.76,45
2024-ASI-CANSAT-049,74526,69,-12.41,909.35,28.01,0.00,00:00:56,0.000000,0.000000,0.00,0,0.052,0.058,-0.863,-4.665,1.616,-3.293,5.934,1,SERVO:CLOSED,-9.91,45
2024-ASI-CANSAT-049,75631,70,-0.86,910.72,28.84,0.00,00:00:57,0.000000,0.000000,0.00,0,0.052,0.059,-0.861,-4.665,1.616,-3.384,5.985,1,,45
2024-ASI-CANSAT-049,76565,71,-0.86,910.72,28.84,0.00,00:00:58,0.000000,0.000000,0.00,0,0.049,0.060,-0.860,-4.695,1.585,-3.354,5.984,1,,45
2024-ASI-CANSAT-049,77967,72,-0.86,910.72,28.84,0.00,00:00:59,0.000000,0.000000,0.00,0,0.048,0.061,-0.862,-4.634,1.616,-3.293,5.910,1,,45
2024-ASI-CANSAT-049,78967,73,-0.89,910.73,28.85,0.00,00:01:00,0.000000,0.000000,0.00,0,0.048,0.059,-0.862,-4.665,1.616,-3.323,5.951,1,,45
2024-ASI-CANSAT-049,79968,74,-12.03,909.34,28.07,0.00,00:01:01,0.000000,0.000000,0.00,0,0.050,0.059,-0.859,-4.695,1.555,-3.354,5.976,1,SERVO:CLOSED,-9.76,45
2024-ASI-CANSAT-049,80968,75,-12.03,909.34,28.05,0.00,00:01:02,0.000000,0.000000,0.00,0,0.051,0.059,-0.859,-4.726,1.555,-3.323,5.983,1,SERVO:CLOSED,-9.85,45
2024-ASI-CANSAT-049,81979,76,-12.02,909.34,28.05,0.00,00:01:03,0.000000,0.000000,0.00,0,0.050,0.060,-0.860,-4.726,1.585,-3.293,5.974,1,SERVO:CLOSED,-5.00,45
2024-ASI-CANSAT-049,82984,77,-12.01,909.34,28.05,0.00,00:01:04,0.000000,0.000000,0.00,0,0.052,0.060,-0.860,-4.665,1.585,-3.354,5.960,1,SERVO:CLOSED,-4.13,45
2024-ASI-CANSAT-049,83988,78,-12.05,909.34,28.04,0.00,00:01:05,0.000000,0.000000,0.00,0,0.050,0.060,-0.861,-4.665,1.616,-3.293,5.934,1,SERVO:CLOSED,9.92,45
2024-ASI-CANSAT-049,84996,79,-12.09,909.35,28.03,0.00,00:01:06,0.000000,0.000000,0.00,0,0.052,0.059,-0.860,-4.695,1.616,-3.293,5.958,1,SERVO:CLOSED,7.02,45
2024-ASI-CANSAT-049,86000,80,-12.06,909.34,28.03,0.00,00:01:07,0.000000,0.000000,0.00,0,0.051,0.062,-0.861,-4.665,1.646,-3.323,5.959,1,SERVO:CLOSED,-1.33,45
2024-ASI-CANSAT-049,87004,81,-12.09,909.35,28.03,0.00,00:01:08,0.000000,0.000000,0.00,0,0.050,0.059,-0.860,-4.695,1.707,-3.293,5.983,1,SERVO:CLOSED,-2.28,45
2024-ASI-CANSAT-049,88006,82,-12.12,909.35,28.04,0.00,00:01:09,0.000000,0.000000,0.00,0,0.048,0.058,-0.860,-4.665,1.646,-3.293,5.942,1,SERVO:CLOSED,-9.10,45
2024-ASI-CANSAT-049,89011,83,-12.06,909.34,28.04,0.00,00:01:10,0.000000,0.000000,0.00,0,0.049,0.060,-0.857,-4.726,1.677,-3.323,6.016,1,SERVO:CLOSED,-2.44,45
2024-ASI-CANSAT-049,90018,84,-12.13,909.35,28.04,0.00,00:01:11,0.000000,0.000000,0.00,0,0.050,0.062,-0.859,-4.695,1.555,-3.323,5.959,1,SERVO:CLOSED,6.85,45
2024-ASI-CANSAT-049,91026,85,-12.11,909.35,28.04,0.00,00:01:12,0.000000,0.000000,0.00,0,0.048,0.060,-0.861,-4.695,1.585,-3.323,5.967,1,SERVO:CLOSED,8.09,45
2024-ASI-CANSAT-049,92026,86,-12.20,909.36,28.05,0.00,00:01:13,0.000000,0.000000,0.00,0,0.051,0.061,-0.859,-4.695,1.646,-3.323,5.983,1,SERVO:CLOSED,2.43,45
2024-ASI-CANSAT-049,93030,87,-12.24,909.36,28.05,0.00,00:01:14,0.000000,0.000000,0.00,0,0.048,0.061,-0.862,-4.665,1.585,-3.323,5.943,1,SERVO:CLOSED,-6.02,45
2024-ASI-CANSAT-049,94038,88,-12.22,909.36,28.05,0.00,00:01:15,0.000000,0.000000,0.00,0,0.048,0.061,-0.858,-4.634,1.616,-3.323,5.927,1,SERVO:CLOSED,-9.73,45
2024-ASI-CANSAT-049,95038,89,-12.20,909.36,28.05,0.00,00:01:16,0.000000,0.000000,0.00,0,0.050,0.059,-0.858,-4.695,1.616,-3.293,5.958,1,SERVO:CLOSED,-9.49,45
2024-ASI-CANSAT-049,96046,90,-12.20,909.36,28.06,0.00,00:01:17,0.000000,0.000000,0.00,0,0.050,0.061,-0.858,-4.665,1.616,-3.354,5.968,1,SERVO:CLOSED,6.02,45
2024-ASI-CANSAT-049,97050,91,-12.13,909.35,28.06,0.00,00:01:18,0.000000,0.000000,0.00,0,0.051,0.061,-0.859,-4.726,1.555,-3.293,5.966,1,SERVO:CLOSED,9.99,45
2024-ASI-CANSAT-049,98051,92,-12.20,909.36,28.06,0.00,00:01:19,0.000000,0.000000,0.00,0,0.049,0.061,-0.862,-4.695,1.616,-3.323,5.975,1,SERVO:CLOSED,4.53,45
2024-ASI-CANSAT-049,99057,93,-12.20,909.36,28.06,0.00,00:01:20,0.000000,0.000000,0.00,0,0.051,0.060,-0.859,-4.695,1.616,-3.262,5.941,1,SERVO:CLOSED,3.73,45
2024-ASI-CANSAT-049,100066,94,-12.15,909.35,28.08,0.00,00:01:21,0.000000,0.000000,0.00,0,0.051,0.062,-0.860,-4.665,1.616,-3.293,5.934,1,SERVO:CLOSED,-9.82,45
2024-ASI-CANSAT-049,101066,95,-12.15,909.35,28.08,0.00,00:01:22,0.000000,0.000000,0.00,0,0.051,0.060,-0.858,-4.634,1.616,-3.354,5.944,1,SERVO:CLOSED,-6.95,45
2024-ASI-CANSAT-049,102066,96,-12.17,909.36,28.09,0.00,00:01:23,0.000000,0.000000,0.00,0,0.051,0.059,-0.858,-4.756,1.585,-3.354,6.032,1,SERVO:CLOSED,3.79,45
2024-ASI-CANSAT-049,103074,97,-12.31,909.37,28.10,0.00,00:01:24,0.000000,0.000000,0.00,0,0.051,0.060,-0.859,-4.665,1.585,-3.262,5.909,1,SERVO:CLOSED,4.81,45
2024-ASI-CANSAT-049,104076,98,-12.20,909.36,28.11,0.00,00:01:25,0.000000,0.000000,0.00,0,0.049,0.062,-0.856,-4.695,1.616,-3.293,5.958,1,SERVO:CLOSED,6.89,45
2024-ASI-CANSAT-049,105080,99,-12.13,909.35,28.11,0.00,00:01:26,0.000000,0.000000,0.00,0,0.049,0.060,-0.858,-4.665,1.616,-3.354,5.968,1,SERVO:CLOSED,-2.39,45
2024-ASI-CANSAT-049,106086,100,-12.09,909.35,28.11,0.00,00:01:27,0.000000,0.000000,0.00,0,0.050,0.059,-0.860,-4.665,1.555,-3.323,5.935,1,SERVO:CLOSED,-9.10,45
2024-ASI-CANSAT-049,107096,101,-12.14,909.35,28.11,0.00,00:01:28,0.000000,0.000000,0.00,0,0.051,0.060,-0.858,-4.695,1.677,-3.323,5.992,1,SERVO:CLOSED,-9.71,45
2024-ASI-CANSAT-049,108096,102,-12.13,909.35,28.11,0.00,00:01:29,0.000000,0.000000,0.00,0,0.048,0.061,-0.861,-4.726,1.616,-3.323,5.999,1,SERVO:CLOSED,1.44,45
2024-ASI-CANSAT-049,109100,103,-12.17,909.36,28.11,0.00,00:01:30,0.000000,0.000000,0.00,0,0.049,0.057,-0.857,-4.726,1.524,-3.323,5.975,1,SERVO:CLOSED,9.12,45
2024-ASI-CANSAT-049,110106,104,-12.14,909.35,28.12,0.00,00:01:31,0.000000,0.000000,0.00,0,0.050,0.060,-0.860,-4.726,1.555,-3.323,5.983,1,SERVO:CLOSED,8.29,45
2024-ASI-CANSAT-049,111107,105,-12.20,909.36,28.12,0.00,00:01:32,0.000000,0.000000,0.00,0,0.050,0.059,-0.859,-4.665,1.616,-3.293,5.934,1,SERVO:CLOSED,7.77,45
2024-ASI-CANSAT-049,112108,106,-12.18,909.36,28.13,0.00,00:01:33,0.000000,0.000000,0.00,0,0.050,0.059,-0.857,-4.695,1.616,-3.384,6.009,1,SERVO:CLOSED,-8.51,45
2024-ASI-CANSAT-049,113111,107,-12.15,909.35,28.13,0.00,00:01:34,0.000000,0.000000,0.00,0,0.051,0.060,-0.859,-4.695,1.616,-3.293,5.958,1,SERVO:CLOSED,-9.00,45
2024-ASI-CANSAT-049,114120,108,-12.13,909.35,28.14,0.00,00:01:35,0.000000,0.000000,0.00,0,0.049,0.061,-0.858,-4.756,1.616,-3.232,5.973,1,SERVO:CLOSED,-1.06,45
2024-ASI-CANSAT-049,115129,109,-12.14,909.35,28.15,0.00,00:01:36,0.000000,0.000000,0.00,0,0.049,0.061,-0.860,-4.665,1.616,-3.323,5.951,1,SERVO:CLOSED,-0.18,45
2024-ASI-CANSAT-049,116137,110,-12.22,909.36,28.16,0.00,00:01:37,0.000000,0.000000,0.00,0,0.049,0.061,-0.862,-4.756,1.646,-3.293,6.014,1,SERVO:CLOSED,9.57,45
2024-ASI-CANSAT-049,117146,111,-12.23,909.36,28.16,0.00,00:01:38,0.000000,0.000000,0.00,0,0.049,0.061,-0.858,-4.695,1.585,-3.323,5.967,1,SERVO:CLOSED,2.67,45
2024-ASI-CANSAT-049,118155,112,-12.23,909.36,28.17,0.00,00:01:39,0.000000,0.000000,0.00,0,0.051,0.060,-0.859,-4.665,1.646,-3.384,5.993,1,SERVO:CLOSED,-6.77,45
2024-ASI-CANSAT-049,119163,113,-12.19,909.36,28.17,0.00,00:01:40,0.000000,0.000000,0.00,0,0.049,0.060,-0.859,-4.726,1.646,-3.293,5.990,1,SERVO:CLOSED,-7.39,45
2024-ASI-CANSAT-049,120163,114,-12.22,909.36,28.17,0.00,00:01:41,0.000000,0.000000,0.00,0,0.049,0.060,-0.858,-4.695,1.585,-3.323,5.967,1,SERVO:CLOSED,-3.46,45
2024-ASI-CANSAT-049,121165,115,-12.20,909.36,28.17,0.00,00:01:42,0.000000,0.000000,0.00,0,0.050,0.060,-0.862,-4.665,1.585,-3.323,5.943,1,SERVO:CLOSED,6.07,45
2024-ASI-CANSAT-049,122167,116,-12.25,909.37,28.18,0.00,00:01:43,0.000000,0.000000,0.00,0,0.051,0.060,-0.858,-4.634,1.585,-3.293,5.902,1,SERVO:CLOSED,10.00,45
2024-ASI-CANSAT-049,123176,117,-12.22,909.36,28.18,0.00,00:01:44,0.000000,0.000000,0.00,0,0.050,0.061,-0.859,-4.665,1.616,-3.323,5.951,1,SERVO:CLOSED,9.86,45
2024-ASI-CANSAT-049,124177,118,-12.20,909.36,28.19,0.00,00:01:45,0.000000,0.000000,0.00,0,0.050,0.060,-0.861,-4.695,1.616,-3.293,5.958,1,SERVO:CLOSED,-4.83,45
2024-ASI-CANSAT-049,125184,119,-12.26,909.37,28.19,0.00,00:01:46,0.000000,0.000000,0.00,0,0.048,0.059,-0.860,-4.665,1.616,-3.293,5.934,1,SERVO:CLOSED,-9.98,45
2024-ASI-CANSAT-049,126185,120,-12.29,909.37,28.20,0.00,00:01:47,0.000000,0.000000,0.00,0,0.050,0.059,-0.859,-4.665,1.646,-3.262,5.925,1,SERVO:CLOSED,-5.80,45
2024-ASI-CANSAT-049,127185,121,-12.29,909.37,28.21,0.00,00:01:48,0.000000,0.000000,0.00,0,0.050,0.060,-0.859,-4.695,1.616,-3.323,5.975,1,SERVO:CLOSED,-5.06,45
2024-ASI-CANSAT-049,128189,122,-12.37,909.38,28.22,0.00,00:01:49,0.000000,0.000000,0.00,0,0.051,0.059,-0.861,-4.726,1.616,-3.293,5.982,1,SERVO:CLOSED,9.48,45
2024-ASI-CANSAT-049,129190,123,-12.35,909.38,28.22,0.00,00:01:50,0.000000,0.000000,0.00,0,0.049,0.059,-0.857,-4.695,1.616,-3.354,5.992,1,SERVO:CLOSED,7.82,45
2024-ASI-CANSAT-049,130198,124,-12.35,909.38,28.23,0.00,00:01:51,0.000000,0.000000,0.00,0,0.049,0.060,-0.861,-4.695,1.555,-3.354,5.976,1,SERVO:CLOSED,-1.01,45
2024-ASI-CANSAT-049,131200,125,-12.21,909.36,28.23,0.00,00:01:52,0.000000,0.000000,0.00,0,0.050,0.061,-0.861,-4.695,1.585,-3.354,5.984,1,SERVO:CLOSED,-3.56,45
2024-ASI-CANSAT-049,132211,126,-12.22,909.36,28.24,0.00,00:01:53,0.000000,0.000000,0.00,0,0.050,0.059,-0.856,-4.695,1.616,-3.323,5.975,1,SERVO:CLOSED,-7.81,45
2024-ASI-CANSAT-049,133210,127,-12.25,909.36,28.25,0.00,00:01:54,0.000000,0.000000,0.00,0,0.051,0.060,-0.860,-4.665,1.646,-3.323,5.959,1,SERVO:CLOSED,1.09,45
2024-ASI-CANSAT-049,134218,128,-12.27,909.37,28.24,0.00,00:01:55,0.000000,0.000000,0.00,0,0.049,0.061,-0.860,-4.695,1.616,-3.262,5.941,1,SERVO:CLOSED,8.45,45
2024-ASI-CANSAT-049,135220,129,-12.25,909.37,28.25,0.00,00:01:56,0.000000,0.000000,0.00,0,0.051,0.060,-0.860,-4.665,1.616,-3.262,5.917,1,SERVO:CLOSED,9.30,45
2024-ASI-CANSAT-049,136228,130,-12.24,909.36,28.25,0.00,00:01:57,0.000000,0.000000,0.00,0,0.050,0.061,-0.860,-4.726,1.524,-3.323,5.975,1,SERVO:CLOSED,1.39,45
2024-ASI-CANSAT-049,137228,131,-12.24,909.36,28.26,0.00,00:01:58,0.000000,0.000000,0.00,0,0.049,0.058,-0.859,-4.695,1.646,-3.262,5.949,1,SERVO:CLOSED,-8.49,45
2024-ASI-CANSAT-049,138231,132,-12.23,909.36,28.26,0.00,00:01:59,0.000000,0.000000,0.00,0,0.049,0.060,-0.859,-4.695,1.616,-3.323,5.975,1,SERVO:CLOSED,-8.97,45
2024-ASI-CANSAT-049,139236,133,-12.24,909.36,28.26,0.00,00:02:00,0.000000,0.000000,0.00,0,0.052,0.060,-0.858,-4.665,1.585,-3.323,5.943,1,SERVO:CLOSED,-8.55,45
2024-ASI-CANSAT-049,140239,134,-12.38,909.38,28.27,0.00,00:02:01,0.000000,0.000000,0.00,0,0.050,0.058,-0.862,-4.665,1.616,-3.323,5.951,1,SERVO:CLOSED,7.73,45
2024-ASI-CANSAT-049,141248,135,-12.40,909.38,28.27,0.00,00:02:02,0.000000,0.000000,0.00,0,0.050,0.060,-0.856,-4.726,1.646,-3.354,6.024,1,SERVO:CLOSED,9.50,45
2024-ASI-CANSAT-049,142254,136,-12.41,909.38,28.28,0.00,00:02:03,0.000000,0.000000,0.00,0,0.049,0.061,-0.860,-4.665,1.677,-3.323,5.968,1,SERVO:CLOSED,2.35,45
2024-ASI-CANSAT-049,143258,137,-12.34,909.38,28.29,0.00,00:02:04,0.000000,0.000000,0.00,0,0.049,0.061,-0.862,-4.756,1.646,-3.262,5.998,1,SERVO:CLOSED,1.50,45
2024-ASI-CANSAT-049,144264,138,-12.45,909.39,28.30,0.00,00:02:05,0.000000,0.000000,0.00,0,0.051,0.061,-0.858,-4.726,1.585,-3.293,5.974,1,SERVO:CLOSED,-9.87,45
2024-ASI-CANSAT-049,145267,139,-12.41,909.38,28.30,0.00,00:02:06,0.000000,0.000000,0.00,0,0.050,0.060,-0.857,-4.695,1.616,-3.262,5.941,1,SERVO:CLOSED,-3.95,45
2024-ASI-CANSAT-049,146275,140,-12.39,909.38,28.30,0.00,00:02:07,0.000000,0.000000,0.00,0,0.049,0.061,-0.860,-4.665,1.585,-3.354,5.960,1,SERVO:CLOSED,5.71,45
2024-ASI-CANSAT-049,147281,141,-12.39,909.38,28.30,0.00,00:02:08,0.000000,0.000000,0.00,0,0.046,0.059,-0.860,-4.756,1.585,-3.293,5.998,1,SERVO:CLOSED,6.40,45
2024-ASI-CANSAT-049,148286,142,-12.36,909.38,28.30,0.00,00:02:09,0.000000,0.000000,0.00,0,0.050,0.059,-0.860,-4.665,1.616,-3.262,5.917,1,SERVO:CLOSED,6.04,45
2024-ASI-CANSAT-049,149294,143,-12.45,909.39,28.30,0.00,00:02:10,0.000000,0.000000,0.00,0,0.050,0.060,-0.857,-4.665,1.616,-3.262,5.917,1,SERVO:CLOSED,-4.84,45
2024-ASI-CANSAT-049,150295,144,-12.35,909.38,28.31,0.00,00:02:11,0.000000,0.000000,0.00,0,0.051,0.060,-0.858,-4.726,1.555,-3.323,5.983,1,SERVO:CLOSED,-9.99,45
2024-ASI-CANSAT-049,151297,145,-12.35,909.38,28.31,0.00,00:02:12,0.000000,0.000000,0.00,0,0.048,0.060,-0.862,-4.634,1.646,-3.262,5.901,1,SERVO:CLOSED,-9.99,45
2024-ASI-CANSAT-049,152306,146,-12.48,909.39,28.33,0.00,00:02:13,0.000000,0.000000,0.00,0,0.049,0.060,-0.858,-4.695,1.646,-3.293,5.966,1,SERVO:CLOSED,3.65,45
2024-ASI-CANSAT-049,153314,147,-12.39,909.38,28.33,0.00,00:02:14,0.000000,0.000000,0.00,0,0.052,0.062,-0.858,-4.634,1.616,-3.323,5.927,1,SERVO:CLOSED,9.82,45
2024-ASI-CANSAT-049,154314,148,-12.43,909.38,28.33,0.00,00:02:15,0.000000,0.000000,0.00,0,0.051,0.062,-0.858,-4.756,1.585,-3.293,5.998,1,SERVO:CLOSED,6.80,45
2024-ASI-CANSAT-049,155324,149,-12.51,909.39,28.34,0.00,00:02:16,0.000000,0.000000,0.00,0,0.049,0.061,-0.860,-4.695,1.585,-3.323,5.967,1,SERVO:CLOSED,6.13,45
2024-ASI-CANSAT-049,156326,150,-12.47,909.39,28.35,0.00,00:02:17,0.000000,0.000000,0.00,0,0.048,0.061,-0.859,-4.756,1.677,-3.323,6.040,1,SERVO:CLOSED,-9.48,45
2024-ASI-CANSAT-049,157333,151,-12.51,909.39,28.36,0.00,00:02:18,0.000000,0.000000,0.00,0,0.049,0.060,-0.861,-4.634,1.677,-3.323,5.944,1,SERVO:CLOSED,-7.93,45
2024-ASI-CANSAT-049,158335,152,-12.42,909.38,28.36,0.00,00:02:19,0.000000,0.000000,0.00,0,0.050,0.059,-0.860,-4.634,1.616,-3.293,5.910,1,SERVO:CLOSED,0.98,45
2024-ASI-CANSAT-049,159334,153,-12.38,909.38,28.36,0.00,00:02:20,0.000000,0.000000,0.00,0,0.051,0.061,-0.862,-4.695,1.646,-3.293,5.966,1,SERVO:CLOSED,1.85,45
2024-ASI-CANSAT-049,160337,154,-12.34,909.37,28.37,0.00,00:02:21,0.000000,0.000000,0.00,0,0.050,0.060,-0.861,-4.726,1.585,-3.323,5.991,1,SERVO:CLOSED,8.39,45
2024-ASI-CANSAT-049,161340,155,-12.33,909.37,28.37,0.00,00:02:22,0.000000,0.000000,0.00,0,0.049,0.059,-0.859,-4.634,1.585,-3.293,5.902,1,SERVO:CLOSED,1.46,45
2024-ASI-CANSAT-049,162347,156,-12.36,909.38,28.36,0.00,00:02:23,0.000000,0.000000,0.00,0,0.048,0.061,-0.860,-4.726,1.555,-3.262,5.949,1,SERVO:CLOSED,-7.53,45
2024-ASI-CANSAT-049,163349,157,-12.34,909.38,28.37,0.00,00:02:24,0.000000,0.000000,0.00,0,0.051,0.059,-0.860,-4.756,1.555,-3.323,6.007,1,SERVO:CLOSED,-8.87,45
2024-ASI-CANSAT-049,164353,158,-12.20,909.36,28.37,0.00,00:02:25,0.000000,0.000000,0.00,0,0.048,0.062,-0.859,-4.726,1.585,-3.293,5.974,1,SERVO:CLOSED,-1.44,45
2024-ASI-CANSAT-049,165359,159,-12.17,909.36,28.37,0.00,00:02:26,0.000000,0.000000,0.00,0,0.050,0.059,-0.861,-4.695,1.616,-3.323,5.975,1,SERVO:CLOSED,7.58,45
2024-ASI-CANSAT-049,166366,160,-12.31,909.37,28.38,0.00,00:02:28,0.000000,0.000000,0.00,0,0.051,0.060,-0.860,-4.695,1.646,-3.293,5.966,1,SERVO:CLOSED,9.54,45
2024-ASI-CANSAT-049,167374,161,-12.31,909.37,28.38,0.00,00:02:29,0.000000,0.000000,0.00,0,0.051,0.061,-0.860,-4.756,1.646,-3.293,6.014,1,SERVO:CLOSED,9.24,45
2024-ASI-CANSAT-049,168378,162,-12.25,909.37,28.39,0.00,00:02:30,0.000000,0.000000,0.00,0,0.049,0.060,-0.856,-4.756,1.585,-3.323,6.015,1,SERVO:CLOSED,-6.67,45
2024-ASI-CANSAT-049,169387,163,-12.34,909.38,28.40,0.00,00:02:31,0.000000,0.000000,0.00,0,0.052,0.062,-0.856,-4.695,1.646,-3.262,5.949,1,SERVO:CLOSED,-9.87,45
2024-ASI-CANSAT-049,170390,164,-12.37,909.38,28.40,0.00,00:02:32,0.000000,0.000000,0.00,0,0.050,0.059,-0.862,-4.695,1.585,-3.293,5.950,1,SERVO:CLOSED,-3.84,45
2024-ASI-CANSAT-049,171391,165,-12.39,909.38,28.41,0.00,00:02:33,0.000000,0.000000,0.00,0,0.049,0.059,-0.859,-4.695,1.585,-3.293,5.950,1,SERVO:CLOSED,-3.01,45
2024-ASI-CANSAT-049,172399,166,-12.35,909.38,28.43,0.00,00:02:34,0.000000,0.000000,0.00,0,0.050,0.060,-0.854,-4.695,1.555,-3.323,5.959,1,SERVO:CLOSED,10.00,45
2024-ASI-CANSAT-049,173408,167,-12.40,909.38,28.44,0.00,00:02:35,0.000000,0.000000,0.00,0,0.051,0.061,-0.856,-4.695,1.616,-3.293,5.958,1,SERVO:CLOSED,6.31,45
2024-ASI-CANSAT-049,174410,168,-12.39,909.38,28.44,0.00,00:02:36,0.000000,0.000000,0.00,0,0.048,0.058,-0.862,-4.695,1.585,-3.293,5.950,1,SERVO:CLOSED,-3.13,45
2024-ASI-CANSAT-049,175410,169,-12.40,909.38,28.45,0.00,00:02:37,0.000000,0.000000,0.00,0,0.050,0.060,-0.860,-4.726,1.646,-3.323,6.007,1,SERVO:CLOSED,-5.27,45
2024-ASI-CANSAT-049,176412,170,-12.45,909.39,28.46,0.00,00:02:38,0.000000,0.000000,0.00,0,0.051,0.058,-0.858,-4.726,1.616,-3.384,6.033,1,SERVO:CLOSED,-7.04,45
2024-ASI-CANSAT-049,177413,171,-12.48,909.39,28.47,0.00,00:02:39,0.000000,0.000000,0.00,0,0.050,0.059,-0.858,-4.634,1.616,-3.232,5.876,1,SERVO:CLOSED,2.19,45
2024-ASI-CANSAT-049,178420,172,-12.52,909.40,28.48,0.00,00:02:40,0.000000,0.000000,0.00,0,0.050,0.059,-0.859,-4.726,1.616,-3.293,5.982,1,SERVO:CLOSED,9.40,45
2024-ASI-CANSAT-049,179426,173,-12.57,909.40,28.48,0.00,00:02:41,0.000000,0.000000,0.00,0,0.049,0.060,-0.859,-4.726,1.585,-3.323,5.991,1,SERVO:CLOSED,9.94,45
2024-ASI-CANSAT-049,180434,174,-12.56,909.40,28.50,0.00,00:02:42,0.000000,0.000000,0.00,0,0.048,0.059,-0.862,-4.665,1.646,-3.323,5.959,1,SERVO:CLOSED,-2.26,45
2024-ASI-CANSAT-049,181444,175,-12.48,909.39,28.50,0.00,00:02:43,0.000000,0.000000,0.00,0,0.051,0.062,-0.857,-4.665,1.585,-3.293,5.926,1,SERVO:CLOSED,-9.72,45
2024-ASI-CANSAT-049,182444,176,-12.46,909.39,28.51,0.00,00:02:44,0.000000,0.000000,0.00,0,0.050,0.061,-0.861,-4.695,1.524,-3.354,5.968,1,SERVO:CLOSED,-8.20,45
2024-ASI-CANSAT-049,183445,177,-12.48,909.39,28.52,0.00,00:02:45,0.000000,0.000000,0.00,0,0.051,0.058,-0.859,-4.665,1.616,-3.354,5.968,1,SERVO:CLOSED,-7.33,45
2024-ASI-CANSAT-049,184447,178,-12.39,909.38,28.53,0.00,00:02:46,0.000000,0.000000,0.00,0,0.050,0.059,-0.858,-4.665,1.585,-3.354,5.960,1,SERVO:CLOSED,8.39,45
2024-ASI-CANSAT-049,185449,179,-12.35,909.38,28.54,0.00,00:02:47,0.000000,0.000000,0.00,0,0.050,0.058,-0.862,-4.726,1.646,-3.293,5.990,1,SERVO:CLOSED,9.22,45
2024-ASI-CANSAT-049,186456,180,-12.33,909.37,28.55,0.00,00:02:48,0.000000,0.000000,0.00,0,0.049,0.057,-0.859,-4.634,1.585,-3.293,5.902,1,SERVO:CLOSED,0.33,45
2024-ASI-CANSAT-049,187466,181,-12.36,909.38,28.56,0.00,00:02:49,0.000000,0.000000,0.00,0,0.050,0.061,-0.858,-4.726,1.555,-3.293,5.966,1,SERVO:CLOSED,-0.54,45
2024-ASI-CANSAT-049,188468,182,-12.42,909.38,28.57,0.00,00:02:50,0.000000,0.000000,0.00,0,0.049,0.058,-0.861,-4.756,1.616,-3.293,6.006,1,SERVO:CLOSED,-9.34,45
2024-ASI-CANSAT-049,189472,183,-12.37,909.38,28.58,0.00,00:02:51,0.000000,0.000000,0.00,0,0.050,0.059,-0.856,-4.695,1.585,-3.262,5.933,1,SERVO:CLOSED,-2.00,45
2024-ASI-CANSAT-049,190481,184,-12.35,909.38,28.58,0.00,00:02:52,0.000000,0.000000,0.00,0,0.051,0.060,-0.857,-4.726,1.585,-3.323,5.991,1,SERVO:CLOSED,6.49,45
2024-ASI-CANSAT-049,191483,185,-12.29,909.37,28.58,0.00,00:02:53,0.000000,0.000000,0.00,0,0.049,0.060,-0.860,-4.726,1.555,-3.354,6.000,1,SERVO:CLOSED,8.09,45
2024-ASI-CANSAT-049,192486,186,-12.39,909.38,28.59,0.00,00:02:54,0.000000,0.000000,0.00,0,0.048,0.059,-0.860,-4.695,1.555,-3.293,5.942,1,SERVO:CLOSED,2.86,45
2024-ASI-CANSAT-049,193494,187,-12.38,909.38,28.60,0.00,00:02:55,0.000000,0.000000,0.00,0,0.050,0.059,-0.861,-4.726,1.585,-3.262,5.957,1,SERVO:CLOSED,-6.55,45
2024-ASI-CANSAT-049,194496,188,-12.35,909.38,28.60,0.00,00:02:56,0.000000,0.000000,0.00,0,0.050,0.060,-0.858,-4.665,1.616,-3.323,5.951,1,SERVO:CLOSED,-9.88,45
2024-ASI-CANSAT-049,195504,189,-12.38,909.38,28.61,0.00,00:02:57,0.000000,0.000000,0.00,0,0.049,0.061,-0.859,-4.756,1.677,-3.262,6.006,1,SERVO:CLOSED,-9.57,45
2024-ASI-CANSAT-049,196508,190,-12.47,909.39,28.62,0.00,00:02:58,0.000000,0.000000,0.00,0,0.050,0.062,-0.859,-4.634,1.646,-3.323,5.935,1,SERVO:CLOSED,5.49,45
2024-ASI-CANSAT-049,197508,191,-12.53,909.40,28.63,0.00,00:02:59,0.000000,0.000000,0.00,0,0.052,0.059,-0.859,-4.634,1.555,-3.354,5.928,1,SERVO:CLOSED,10.00,45
2024-ASI-CANSAT-049,198515,192,-12.42,909.38,28.63,0.00,00:03:00,0.000000,0.000000,0.00,0,0.050,0.060,-0.858,-4.695,1.616,-3.293,5.958,1,SERVO:CLOSED,5.23,45
2024-ASI-CANSAT-049,199517,193,-12.40,909.38,28.64,0.00,00:03:01,0.000000,0.000000,0.00,0,0.050,0.062,-0.862,-4.756,1.616,-3.354,6.040,1,SERVO:CLOSED,4.01,45
2024-ASI-CANSAT-049,200523,194,-12.44,909.39,28.65,0.00,00:03:02,0.000000,0.000000,0.00,0,0.049,0.059,-0.859,-4.695,1.555,-3.293,5.942,1,SERVO:CLOSED,-9.67,45
2024-ASI-CANSAT-049,201524,195,-12.46,909.39,28.65,0.00,00:03:03,0.000000,0.000000,0.00,0,0.048,0.061,-0.858,-4.726,1.616,-3.262,5.965,1,SERVO:CLOSED,-7.38,45
2024-ASI-CANSAT-049,202525,196,-12.52,909.39,28.66,0.00,00:03:04,0.000000,0.000000,0.00,0,0.049,0.060,-0.860,-4.726,1.646,-3.354,6.024,1,SERVO:CLOSED,1.69,45
2024-ASI-CANSAT-049,203526,197,-12.52,909.40,28.66,0.00,00:03:05,0.000000,0.000000,0.00,0,0.049,0.061,-0.860,-4.695,1.585,-3.262,5.933,1,SERVO:CLOSED,4.20,45
2024-ASI-CANSAT-049,204534,198,-12.29,909.37,28.67,0.00,00:03:06,0.000000,0.000000,0.00,0,0.049,0.061,-0.860,-4.695,1.616,-3.262,5.941,1,SERVO:CLOSED,7.34,45
2024-ASI-CANSAT-049,205532,199,-12.34,909.37,28.67,0.00,00:03:07,0.000000,0.000000,0.00,0,0.050,0.060,-0.859,-4.695,1.616,-3.323,5.975,1,SERVO:CLOSED,-1.79,45
2024-ASI-CANSAT-049,206536,200,-12.38,909.38,28.68,0.00,00:03:08,0.000000,0.000000,0.00,0,0.049,0.059,-0.857,-4.695,1.585,-3.262,5.933,1,SERVO:CLOSED,-8.80,45
2024-ASI-CANSAT-049,207541,201,-12.37,909.38,28.68,0.00,00:03:09,0.000000,0.000000,0.00,0,0.051,0.059,-0.859,-4.665,1.585,-3.293,5.926,1,SERVO:CLOSED,-9.79,45
2024-ASI-CANSAT-049,208548,202,-12.43,909.39,28.69,0.00,00:03:10,0.000000,0.000000,0.00,0,0.049,0.060,-0.857,-4.665,1.646,-3.262,5.925,1,SERVO:CLOSED,-7.67,45
2024-ASI-CANSAT-049,209552,203,-12.43,909.39,28.70,0.00,00:03:11,0.000000,0.000000,0.00,0,0.051,0.060,-0.858,-4.726,1.585,-3.232,5.940,1,SERVO:CLOSED,8.03,45
2024-ASI-CANSAT-049,210557,204,-12.45,909.39,28.71,0.00,00:03:12,0.000000,0.000000,0.00,0,0.047,0.060,-0.859,-4.665,1.616,-3.323,5.951,1,SERVO:CLOSED,8.70,45
2024-ASI-CANSAT-049,211557,205,-12.48,909.39,28.71,0.00,00:03:13,0.000000,0.000000,0.00,0,0.049,0.060,-0.856,-4.726,1.646,-3.323,6.007,1,SERVO:CLOSED,0.39,45
2024-ASI-CANSAT-049,212558,206,-12.45,909.39,28.71,0.00,00:03:14,0.000000,0.000000,0.00,0,0.051,0.060,-0.860,-4.695,1.585,-3.293,5.950,1,SERVO:CLOSED,-0.48,45
2024-ASI-CANSAT-049,213558,207,-12.57,909.40,28.73,0.00,00:03:15,0.000000,0.000000,0.00,0,0.049,0.060,-0.860,-4.665,1.585,-3.293,5.926,1,SERVO:CLOSED,-9.27,45
2024-ASI-CANSAT-049,214567,208,-12.48,909.39,28.73,0.00,00:03:16,0.000000,0.000000,0.00,0,0.048,0.060,-0.861,-4.665,1.616,-3.262,5.917,1,SERVO:CLOSED,-2.06,45
2024-ASI-CANSAT-049,215569,209,-12.45,909.39,28.74,0.00,00:03:17,0.000000,0.000000,0.00,0,0.050,0.058,-0.859,-4.695,1.555,-3.323,5.959,1,SERVO:CLOSED,6.02,45
2024-ASI-CANSAT-049,216572,210,-12.45,909.39,28.74,0.00,00:03:18,0.000000,0.000000,0.00,0,0.050,0.060,-0.858,-4.726,1.585,-3.323,5.991,1,SERVO:CLOSED,7.40,45
2024-ASI-CANSAT-049,217576,211,-12.42,909.38,28.75,0.00,00:03:19,0.000000,0.000000,0.00,0,0.051,0.060,-0.862,-4.695,1.585,-3.262,5.933,1,SERVO:CLOSED,3.42,45
2024-ASI-CANSAT-049,218579,212,-12.42,909.38,28.75,0.00,00:03:20,0.000000,0.000000,0.00,0,0.050,0.059,-0.859,-4.726,1.585,-3.323,5.991,1,SERVO:CLOSED,-5.21,45
2024-ASI-CANSAT-049,219579,213,-12.46,909.39,28.75,0.00,00:03:21,0.000000,0.000000,0.00,0,0.050,0.057,-0.859,-4.695,1.555,-3.293,5.942,1,SERVO:CLOSED,-10.00,45
2024-ASI-CANSAT-049,220587,214,-12.52,909.39,28.76,0.00,00:03:22,0.000000,0.000000,0.00,0,0.049,0.059,-0.858,-4.665,1.677,-3.262,5.934,1,SERVO:CLOSED,-9.94,45
2024-ASI-CANSAT-049,221596,215,-12.49,909.39,28.77,0.00,00:03:23,0.000000,0.000000,0.00,0,0.051,0.060,-0.859,-4.665,1.555,-3.262,5.901,1,SERVO:CLOSED,5.23,45
2024-ASI-CANSAT-049,222599,216,-12.48,909.39,28.77,0.00,00:03:24,0.000000,0.000000,0.00,0,0.051,0.058,-0.862,-4.665,1.555,-3.293,5.918,1,SERVO:CLOSED,10.00,45
2024-ASI-CANSAT-049,223608,217,-12.44,909.39,28.78,0.00,00:03:25,0.000000,0.000000,0.00,0,0.049,0.061,-0.858,-4.756,1.585,-3.293,5.998,1,SERVO:CLOSED,6.63,45
2024-ASI-CANSAT-049,224610,218,-12.39,909.38,28.78,0.00,00:03:26,0.000000,0.000000,0.00,0,0.050,0.057,-0.860,-4.726,1.585,-3.323,5.991,1,SERVO:CLOSED,5.11,45
2024-ASI-CANSAT-049,225616,219,-12.38,909.38,28.80,0.00,00:03:27,0.000000,0.000000,0.00,0,0.049,0.059,-0.860,-4.695,1.585,-3.293,5.950,1,SERVO:CLOSED,-9.89,45
2024-ASI-CANSAT-049,226623,220,-12.33,909.37,28.80,0.00,00:03:28,0.000000,0.000000,0.00,0,0.049,0.061,-0.860,-4.665,1.616,-3.323,5.951,1,SERVO:CLOSED,-6.57,45
2024-ASI-CANSAT-049,227630,221,-12.41,909.38,28.81,0.00,00:03:29,0.000000,0.000000,0.00,0,0.048,0.060,-0.859,-4.726,1.616,-3.323,5.999,1,SERVO:CLOSED,2.94,45
2024-ASI-CANSAT-049,228639,222,-12.42,909.38,28.82,0.00,00:03:30,0.000000,0.000000,0.00,0,0.049,0.060,-0.861,-4.756,1.555,-3.293,5.990,1,SERVO:CLOSED,3.76,45
2024-ASI-CANSAT-049,229643,223,-12.51,909.39,28.84,0.00,00:03:31,0.000000,0.000000,0.00,0,0.051,0.059,-0.859,-4.726,1.616,-3.293,5.982,1,SERVO:CLOSED,8.30,45
2024-ASI-CANSAT-049,230652,224,-12.49,909.39,28.84,0.00,00:03:32,0.000000,0.000000,0.00,0,0.049,0.059,-0.862,-4.665,1.585,-3.293,5.926,1,SERVO:CLOSED,-0.23,45
2024-ASI-CANSAT-049,231658,225,-12.49,909.39,28.84,0.00,00:03:33,0.000000,0.000000,0.00,0,0.050,0.060,-0.860,-4.695,1.555,-3.262,5.925,1,SERVO:CLOSED,-8.53,45
2024-ASI-CANSAT-049,232662,226,-12.42,909.38,28.84,0.00,00:03:34,0.000000,0.000000,0.00,0,0.049,0.062,-0.859,-4.695,1.524,-3.323,5.951,1,SERVO:CLOSED,-9.35,45
2024-ASI-CANSAT-049,233664,227,-12.45,909.39,28.85,0.00,00:03:35,0.000000,0.000000,0.00,0,0.048,0.060,-0.858,-4.726,1.646,-3.323,6.007,1,SERVO:CLOSED,-0.83,45
2024-ASI-CANSAT-049,234670,228,-12.45,909.39,28.85,0.00,00:03:36,0.000000,0.000000,0.00,0,0.048,0.058,-0.860,-4.756,1.555,-3.293,5.990,1,SERVO:CLOSED,7.96,45
2024-ASI-CANSAT-049,235674,229,-12.50,909.39,28.85,0.00,00:03:37,0.000000,0.000000,0.00,0,0.050,0.061,-0.860,-4.695,1.555,-3.293,5.942,1,SERVO:CLOSED,8.70,45
2024-ASI-CANSAT-049,236681,230,-12.53,909.40,28.86,0.00,00:03:38,0.000000,0.000000,0.00,0,0.048,0.059,-0.855,-4.695,1.585,-3.293,5.950,1,SERVO:CLOSED,8.23,45
2024-ASI-CANSAT-049,237687,231,-12.49,909.39,28.87,0.00,00:03:39,0.000000,0.000000,0.00,0,0.050,0.060,-0.859,-4.726,1.616,-3.323,5.999,1,SERVO:CLOSED,-8.08,45
2024-ASI-CANSAT-049,238691,232,-12.53,909.40,28.88,0.00,00:03:40,0.000000,0.000000,0.00,0,0.050,0.060,-0.858,-4.756,1.555,-3.384,6.041,1,SERVO:CLOSED,-9.31,45
2024-ASI-CANSAT-049,239698,233,-12.65,909.41,28.89,0.00,00:03:41,0.000000,0.000000,0.00,0,0.049,0.060,-0.860,-4.695,1.585,-3.293,5.950,1,SERVO:CLOSED,-1.82,45
2024-ASI-CANSAT-049,240702,234,-12.74,909.42,28.90,0.00,00:03:42,0.000000,0.000000,0.00,0,0.050,0.061,-0.858,-4.756,1.585,-3.323,6.015,1,SERVO:CLOSED,-0.95,45
2024-ASI-CANSAT-049,241705,235,-12.73,909.42,28.91,0.00,00:03:43,0.000000,0.000000,0.00,0,0.049,0.058,-0.854,-4.695,1.616,-3.293,5.958,1,SERVO:CLOSED,9.71,45
2024-ASI-CANSAT-049,242713,236,-12.64,909.41,28.92,0.00,00:03:44,0.000000,0.000000,0.00,0,0.049,0.061,-0.858,-4.726,1.616,-3.354,6.016,1,SERVO:CLOSED,3.16,45
2024-ASI-CANSAT-049,243719,237,-12.64,909.41,28.93,0.00,00:03:45,0.000000,0.000000,0.00,0,0.052,0.059,-0.858,-4.726,1.646,-3.354,6.024,1,SERVO:CLOSED,-6.19,45
2024-ASI-CANSAT-049,244724,238,-12.67,909.41,28.93,0.00,00:03:46,0.000000,0.000000,0.00,0,0.051,0.059,-0.859,-4.695,1.616,-3.323,5.975,1,SERVO:CLOSED,-7.03,45
2024-ASI-CANSAT-049,245726,239,-12.65,909.41,28.95,0.00,00:03:47,0.000000,0.000000,0.00,0,0.050,0.061,-0.860,-4.695,1.616,-3.293,5.958,1,SERVO:CLOSED,-4.61,45
2024-ASI-CANSAT-049,246732,240,-12.69,909.41,28.95,0.00,00:03:48,0.000000,0.000000,0.00,0,0.051,0.060,-0.857,-4.695,1.555,-3.293,5.942,1,SERVO:CLOSED,5.02,45
2024-ASI-CANSAT-049,247734,241,-12.70,909.41,28.95,0.00,00:03:49,0.000000,0.000000,0.00,0,0.048,0.062,-0.858,-4.695,1.585,-3.354,5.984,1,SERVO:CLOSED,9.89,45
2024-ASI-CANSAT-049,248743,242,-12.74,909.42,28.95,0.00,00:03:50,0.000000,0.000000,0.00,0,0.049,0.059,-0.861,-4.665,1.555,-3.354,5.952,1,SERVO:CLOSED,9.99,45
2024-ASI-CANSAT-049,249751,243,-12.66,909.41,28.96,0.00,00:03:51,0.000000,0.000000,0.00,0,0.051,0.047,-0.861,-4.970,1.707,-2.866,5.985,1,SERVO:CLOSED,-4.15,45
2024-ASI-CANSAT-049,250751,244,-12.64,909.41,28.96,0.00,00:03:52,0.000000,0.000000,0.00,0,0.039,0.046,-0.861,-4.817,1.555,-3.902,6.391,1,SERVO:CLOSED,-9.90,45
2024-ASI-CANSAT-049,251760,245,-12.60,909.40,28.97,0.00,00:03:53,0.000000,0.000000,0.00,0,0.048,0.048,-0.861,-5.183,1.768,-3.598,6.552,1,SERVO:CLOSED,-6.41,45
2024-ASI-CANSAT-049,252769,246,-12.54,909.40,28.97,0.00,00:03:54,0.000000,0.000000,0.00,0,0.022,0.009,-0.861,-4.909,1.707,-2.683,5.849,1,SERVO:CLOSED,-5.71,45
2024-ASI-CANSAT-049,253774,247,-12.56,909.40,28.99,0.00,00:03:55,0.000000,0.000000,0.00,0,0.046,0.055,-0.858,-4.573,1.799,-3.049,5.783,1,SERVO:CLOSED,9.64,45
2024-ASI-CANSAT-049,254781,248,-12.55,909.40,28.99,0.00,00:03:56,0.000000,0.000000,0.00,0,0.026,0.026,-0.849,-8.049,3.110,-4.695,9.823,1,SERVO:CLOSED,7.41,45
2024-ASI-CANSAT-049,255788,249,-12.60,909.40,29.00,0.00,00:03:57,0.000000,0.000000,0.00,0,0.058,0.069,-0.855,-6.463,2.378,-4.055,7.992,1,SERVO:CLOSED,-1.80,45
2024-ASI-CANSAT-049,256793,250,-12.59,909.40,29.01,0.00,00:03:58,0.000000,0.000000,0.00,0,0.085,0.111,-0.856,-6.037,2.073,-4.146,7.611,1,SERVO:CLOSED,-2.65,45
2024-ASI-CANSAT-049,257793,251,-12.64,909.41,29.02,0.00,00:03:59,0.000000,0.000000,0.00,0,0.029,0.047,-0.860,-4.878,1.524,-3.750,6.339,1,SERVO:CLOSED,-8.57,45
2024-ASI-CANSAT-049,258795,252,-12.66,909.41,29.03,0.00,00:04:00,0.000000,0.000000,0.00,0,0.050,0.025,-0.859,-4.665,1.463,-1.738,5.188,1,SERVO:CLOSED,0.26,45
2024-ASI-CANSAT-049,259793,253,-12.69,909.41,29.03,0.00,00:04:01,0.000000,0.000000,0.00,0,0.071,0.101,-0.854,-3.720,1.280,-4.299,5.827,1,SERVO:CLOSED,8.63,45
2024-ASI-CANSAT-049,260801,254,-12.67,909.41,29.03,0.00,00:04:02,0.000000,0.000000,0.00,0,0.050,0.062,-0.857,-4.756,1.616,-3.598,6.179,1,SERVO:CLOSED,9.03,45
2024-ASI-CANSAT-049,261801,255,-12.58,909.40,29.05,0.00,00:04:03,0.000000,0.000000,0.00,0,0.050,0.057,-0.856,-4.543,1.524,-3.445,5.902,1,SERVO:CLOSED,2.10,45
2024-ASI-CANSAT-049,262802,256,-12.55,909.40,29.05,0.00,00:04:04,0.000000,0.000000,0.00,0,0.038,0.043,-0.858,-5.091,1.585,-1.646,5.581,1,SERVO:CLOSED,-7.08,45
2024-ASI-CANSAT-049,263809,257,-12.56,909.40,29.06,0.00,00:04:05,0.000000,0.000000,0.00,0,0.051,0.060,-0.859,-4.695,1.616,-3.110,5.859,1,SERVO:CLOSED,-9.29,45
2024-ASI-CANSAT-049,264811,258,-12.58,909.40,29.06,0.00,00:04:06,0.000000,0.000000,0.00,0,0.049,0.053,-0.859,-4.695,1.524,-3.537,6.073,1,SERVO:CLOSED,-8.93,45
2024-ASI-CANSAT-049,265811,259,-12.50,909.39,29.08,0.00,00:04:07,0.000000,0.000000,0.00,0,0.049,0.072,-0.858,-4.085,1.463,-3.171,5.375,1,SERVO:CLOSED,6.06,45
2024-ASI-CANSAT-049,266813,260,-12.53,909.40,29.08,0.00,00:04:08,0.000000,0.000000,0.00,0,0.061,0.058,-0.859,-5.030,1.707,-3.598,6.416,1,SERVO:CLOSED,9.73,45
2024-ASI-CANSAT-049,267813,261,-12.57,909.40,29.09,0.00,00:04:09,0.000000,0.000000,0.00,0,0.033,0.029,-0.861,1.677,-1.220,-4.512,4.966,1,SERVO:CLOSED,4.64,45
2024-ASI-CANSAT-049,268821,262,-12.58,909.40,29.10,0.00,00:04:10,0.000000,0.000000,0.00,0,0.046,0.067,-0.857,-4.055,1.372,-3.780,5.711,1,SERVO:CLOSED,2.90,45
2024-ASI-CANSAT-049,269821,263,-12.55,909.40,29.12,0.00,00:04:11,0.000000,0.000000,0.00,0,0.050,0.041,-0.862,-4.817,1.677,-3.262,6.055,1,SERVO:CLOSED,-9.96,45
2024-ASI-CANSAT-049,270823,264,-12.66,909.41,29.12,0.00,00:04:12,0.000000,0.000000,0.00,0,0.048,0.063,-0.857,-4.665,1.555,-3.262,5.901,1,SERVO:CLOSED,-4.56,45
2024-ASI-CANSAT-049,271823,265,-12.65,909.41,29.13,0.00,00:04:13,0.000000,0.000000,0.00,0,0.049,0.063,-0.856,-4.604,1.585,-3.110,5.777,1,SERVO:CLOSED,4.92,45
2024-ASI-CANSAT-049,272831,266,-12.59,909.40,29.14,0.00,00:04:14,0.000000,0.000000,0.00,0,0.052,0.063,-0.856,-4.848,1.616,-2.957,5.904,1,SERVO:CLOSED,5.87,45
2024-ASI-CANSAT-049,273833,267,-12.52,909.39,29.15,0.00,00:04:15,0.000000,0.000000,0.00,0,0.048,0.058,-0.856,-4.756,1.555,-3.293,5.990,1,SERVO:CLOSED,5.89,45
2024-ASI-CANSAT-049,274842,268,-12.58,909.40,29.16,0.00,00:04:16,0.000000,0.000000,0.00,0,0.069,0.114,-0.854,-4.848,1.707,-3.384,6.154,1,SERVO:CLOSED,-3.65,45
2024-ASI-CANSAT-049,275842,269,-12.66,909.41,29.16,0.00,00:04:17,0.000000,0.000000,0.00,0,0.065,0.086,-0.860,-1.616,0.213,-2.988,3.403,1,SERVO:CLOSED,-9.80,45
2024-ASI-CANSAT-049,276843,270,-12.76,909.42,29.16,0.00,00:04:18,0.000000,0.000000,0.00,0,0.030,0.059,-0.868,-8.415,0.854,-2.256,8.754,1,SERVO:CLOSED,-9.94,45
2024-ASI-CANSAT-049,277852,271,-12.75,909.42,29.18,0.00,00:04:19,0.000000,0.000000,0.00,0,0.053,0.065,-0.858,-4.726,1.555,-3.323,5.983,1,SERVO:CLOSED,2.67,45
2024-ASI-CANSAT-049,278861,272,-12.63,909.41,29.18,0.00,00:04:20,0.000000,0.000000,0.00,0,0.067,0.102,-0.853,6.494,-3.384,-3.171,7.980,1,SERVO:CLOSED,9.57,45
2024-ASI-CANSAT-049,279863,273,-12.68,909.41,29.19,0.00,00:04:21,0.000000,0.000000,0.00,0,0.048,0.060,-0.858,-4.726,1.524,-3.293,5.958,1,SERVO:CLOSED,8.50,45
2024-ASI-CANSAT-049,280870,274,-12.71,909.42,29.20,0.00,00:04:22,0.000000,0.000000,0.00,0,0.050,0.060,-0.857,-4.726,1.585,-3.262,5.957,1,SERVO:CLOSED,7.02,45
2024-ASI-CANSAT-049,281872,275,-12.75,909.42,29.20,0.00,00:04:23,0.000000,0.000000,0.00,0,0.051,0.061,-0.856,-4.756,1.524,-3.293,5.982,1,SERVO:CLOSED,-1.25,45
2024-ASI-CANSAT-049,282874,276,-12.69,909.41,29.21,0.00,00:04:24,0.000000,0.000000,0.00,0,0.050,0.060,-0.859,-4.726,1.585,-3.262,5.957,1,SERVO:CLOSED,-9.04,45
2024-ASI-CANSAT-049,283876,277,-12.74,909.42,29.22,0.00,00:04:25,0.000000,0.000000,0.00,0,0.051,0.060,-0.858,-4.695,1.524,-3.293,5.934,1,SERVO:CLOSED,0.85,45
2024-ASI-CANSAT-049,284876,278,-12.70,909.41,29.22,0.00,00:04:26,0.000000,0.000000,0.00,0,0.051,0.059,-0.857,-4.726,1.524,-3.293,5.958,1,SERVO:CLOSED,9.36,45
2024-ASI-CANSAT-049,285880,279,-12.84,909.43,29.23,0.00,00:04:27,0.000000,0.000000,0.00,0,0.048,0.060,-0.858,-4.695,1.524,-3.293,5.934,1,SERVO:CLOSED,8.50,45
2024-ASI-CANSAT-049,286887,280,-12.86,909.43,29.24,0.00,00:04:28,0.000000,0.000000,0.00,0,0.052,0.060,-0.858,-4.695,1.646,-3.262,5.949,1,SERVO:CLOSED,7.95,45
2024-ASI-CANSAT-049,287894,281,-12.86,909.43,29.25,0.00,00:04:29,0.000000,0.000000,0.00,0,0.051,0.060,-0.860,-4.726,1.555,-3.262,5.949,1,SERVO:CLOSED,-7.60,45
2024-ASI-CANSAT-049,288902,282,-12.75,909.42,29.25,0.00,00:04:30,0.000000,0.000000,0.00,0,0.051,0.061,-0.857,-4.726,1.585,-3.232,5.940,1,SERVO:CLOSED,-9.90,45
2024-ASI-CANSAT-049,289902,283,-12.71,909.42,29.25,0.00,00:04:31,0.000000,0.000000,0.00,0,0.049,0.060,-0.858,-4.695,1.616,-3.262,5.941,1,SERVO:CLOSED,-2.59,45
2024-ASI-CANSAT-049,290907,284,-12.79,909.42,29.25,0.00,00:04:32,0.000000,0.000000,0.00,0,0.050,0.064,-0.859,-4.756,1.555,-3.201,5.940,1,SERVO:CLOSED,-1.74,45
2024-ASI-CANSAT-049,291911,285,-12.89,909.44,29.25,0.00,00:04:33,0.000000,0.000000,0.00,0,0.067,0.107,-0.855,-2.165,0.457,-3.476,4.120,1,SERVO:CLOSED,9.84,45
2024-ASI-CANSAT-049,292911,286,-12.84,909.43,29.25,0.00,00:04:34,0.000000,0.000000,0.00,0,0.044,0.048,-0.859,-5.000,1.738,-4.268,6.800,1,SERVO:CLOSED,3.77,45
2024-ASI-CANSAT-049,293918,287,-12.85,909.43,29.25,0.00,00:04:35,0.000000,0.000000,0.00,0,0.050,0.057,-0.860,-4.695,1.555,-3.293,5.942,1,SERVO:CLOSED,-5.88,45
2024-ASI-CANSAT-049,294923,288,-12.83,909.43,29.26,0.00,00:04:36,0.000000,0.000000,0.00,0,0.050,0.059,-0.861,-4.695,1.524,-3.323,5.951,1,SERVO:CLOSED,-6.56,45
2024-ASI-CANSAT-049,295923,289,-12.85,909.43,29.26,0.00,00:04:37,0.000000,0.000000,0.00,0,0.050,0.060,-0.856,-4.756,1.585,-3.262,5.981,1,SERVO:CLOSED,-4.96,45
2024-ASI-CANSAT-049,296932,290,-12.82,909.43,29.26,0.00,00:04:38,0.000000,0.000000,0.00,0,0.049,0.062,-0.857,-4.756,1.616,-3.262,5.989,1,SERVO:CLOSED,4.68,45
2024-ASI-CANSAT-049,297939,291,-12.76,909.42,29.27,0.00,00:04:39,0.000000,0.000000,0.00,0,0.049,0.059,-0.859,-4.695,1.555,-3.293,5.942,1,SERVO:CLOSED,9.98,45
2024-ASI-CANSAT-049,298940,292,-12.75,909.42,29.27,0.00,00:04:40,0.000000,0.000000,0.00,0,0.051,0.062,-0.858,-4.695,1.585,-3.293,5.950,1,SERVO:CLOSED,10.00,45
2024-ASI-CANSAT-049,299940,293,-12.70,909.42,29.28,0.00,00:04:41,0.000000,0.000000,0.00,0,0.051,0.061,-0.859,-4.726,1.555,-3.323,5.983,1,SERVO:CLOSED,-3.25,45
2024-ASI-CANSAT-049,300945,294,-12.81,909.43,29.29,0.00,00:04:42,0.000000,0.000000,0.00,0,0.049,0.058,-0.858,-4.695,1.524,-3.262,5.917,1,SERVO:CLOSED,-9.72,45
2024-ASI-CANSAT-049,301953,295,-12.91,909.44,29.29,0.00,00:04:43,0.000000,0.000000,0.00,0,0.049,0.061,-0.858,-4.726,1.616,-3.323,5.999,1,SERVO:CLOSED,-7.12,45
2024-ASI-CANSAT-049,302953,296,-12.93,909.44,29.29,0.00,00:04:44,0.000000,0.000000,0.00,0,0.050,0.059,-0.857,-4.695,1.555,-3.293,5.942,1,SERVO:CLOSED,-6.48,45
2024-ASI-CANSAT-049,303962,297,-12.83,909.43,29.31,0.00,00:04:45,0.000000,0.000000,0.00,0,0.050,0.061,-0.858,-4.634,1.524,-3.262,5.869,1,SERVO:CLOSED,8.90,45
2024-ASI-CANSAT-049,304970,298,-12.78,909.42,29.31,0.00,00:04:46,0.000000,0.000000,0.00,0,0.049,0.061,-0.858,-4.756,1.524,-3.262,5.965,1,SERVO:CLOSED,7.77,45
2024-ASI-CANSAT-049,305970,299,-12.77,909.42,29.30,0.00,00:04:47,0.000000,0.000000,0.00,0,0.048,0.061,-0.858,-4.695,1.555,-3.262,5.925,1,SERVO:CLOSED,0.38,45
2024-ASI-CANSAT-049,306979,300,-12.75,909.42,29.31,0.00,00:04:48,0.000000,0.000000,0.00,0,0.050,0.062,-0.859,-4.787,1.585,-3.262,6.006,1,SERVO:CLOSED,-1.49,45
2024-ASI-CANSAT-049,307981,301,-12.84,909.43,29.31,0.00,00:04:49,0.000000,0.000000,0.00,0,0.051,0.060,-0.858,-4.787,1.585,-3.293,6.022,1,SERVO:CLOSED,-8.60,45
2024-ASI-CANSAT-049,308984,302,-12.84,909.43,29.32,0.00,00:04:50,0.000000,0.000000,0.00,0,0.050,0.060,-0.857,-4.695,1.585,-3.262,5.933,1,SERVO:CLOSED,-0.31,45
2024-ASI-CANSAT-049,309982,303,-12.83,909.43,29.32,0.00,00:04:51,0.000000,0.000000,0.00,0,0.050,0.060,-0.858,-4.787,1.555,-3.323,6.031,1,SERVO:CLOSED,8.33,45
2024-ASI-CANSAT-049,310982,304,-12.85,909.43,29.33,0.00,00:04:52,0.000000,0.000000,0.00,0,0.050,0.059,-0.856,-4.695,1.555,-3.323,5.959,1,SERVO:CLOSED,8.78,45
2024-ASI-CANSAT-049,311984,305,-12.78,909.42,29.34,0.00,00:04:53,0.000000,0.000000,0.00,0,0.050,0.062,-0.859,-4.726,1.555,-3.262,5.949,1,SERVO:CLOSED,1.91,45
2024-ASI-CANSAT-049,312993,306,-12.82,909.43,29.35,0.00,00:04:54,0.000000,0.000000,0.00,0,0.050,0.059,-0.857,-4.756,1.616,-3.354,6.040,1,SERVO:CLOSED,-7.25,45
2024-ASI-CANSAT-049,314001,307,-12.80,909.43,29.36,0.00,00:04:55,0.000000,0.000000,0.00,0,0.050,0.061,-0.856,-4.756,1.524,-3.293,5.982,1,SERVO:CLOSED,-9.68,45
2024-ASI-CANSAT-049,315002,308,-12.85,909.43,29.36,0.00,00:04:56,0.000000,0.000000,0.00,0,0.049,0.061,-0.860,-4.726,1.585,-3.262,5.957,1,SERVO:CLOSED,-9.42,45
2024-ASI-CANSAT-049,316003,309,-12.83,909.43,29.38,0.00,00:04:57,0.000000,0.000000,0.00,0,0.050,0.060,-0.857,-4.787,1.585,-3.262,6.006,1,SERVO:CLOSED,5.45,45
2024-ASI-CANSAT-049,317005,310,-12.83,909.43,29.38,0.00,00:04:58,0.000000,0.000000,0.00,0,0.051,0.059,-0.857,-4.756,1.585,-3.293,5.998,1,SERVO:CLOSED,9.87,45
2024-ASI-CANSAT-049,318013,311,-12.87,909.43,29.39,0.00,00:04:59,0.000000,0.000000,0.00,0,0.050,0.061,-0.858,-4.726,1.616,-3.293,5.982,1,SERVO:CLOSED,5.27,45
2024-ASI-CANSAT-049,319013,312,-12.80,909.43,29.39,0.00,00:05:00,0.000000,0.000000,0.00,0,0.049,0.059,-0.858,-4.695,1.555,-3.262,5.925,1,SERVO:CLOSED,3.59,45
2024-ASI-CANSAT-049,320013,313,-12.85,909.43,29.40,0.00,00:05:01,0.000000,0.000000,0.00,0,0.052,0.061,-0.856,-4.756,1.555,-3.262,5.973,1,SERVO:CLOSED,-10.00,45
2024-ASI-CANSAT-049,321014,314,-12.85,909.43,29.41,0.00,00:05:02,0.000000,0.000000,0.00,0,0.049,0.061,-0.856,-4.726,1.555,-3.293,5.966,1,SERVO:CLOSED,-5.21,45
2024-ASI-CANSAT-049,322023,315,-12.80,909.43,29.42,0.00,00:05:03,0.000000,0.000000,0.00,0,0.048,0.071,-0.860,-4.756,1.585,-3.232,5.965,1,SERVO:CLOSED,4.49,45
2024-ASI-CANSAT-049,323032,316,-12.76,909.42,29.42,0.00,00:05:04,0.000000,0.000000,0.00,0,0.050,0.059,-0.859,-4.756,1.555,-3.354,6.024,1,SERVO:CLOSED,5.26,45
2024-ASI-CANSAT-049,324034,317,-12.83,909.43,29.44,0.00,00:05:05,0.000000,0.000000,0.00,0,0.049,0.061,-0.855,-4.726,1.555,-3.323,5.983,1,SERVO:CLOSED,7.52,45
2024-ASI-CANSAT-049,325043,318,-12.82,909.43,29.45,0.00,00:05:06,0.000000,0.000000,0.00,0,0.049,0.060,-0.860,-4.695,1.555,-3.262,5.925,1,SERVO:CLOSED,-2.99,45
2024-ASI-CANSAT-049,326048,319,-12.88,909.43,29.45,0.00,00:05:07,0.000000,0.000000,0.00,0,0.049,0.062,-0.858,-4.665,1.555,-3.293,5.918,1,SERVO:CLOSED,-9.68,45
2024-ASI-CANSAT-049,327055,320,-12.93,909.44,29.45,0.00,00:05:08,0.000000,0.000000,0.00,0,0.049,0.062,-0.857,-4.695,1.585,-3.293,5.950,1,SERVO:CLOSED,-9.86,45
2024-ASI-CANSAT-049,328055,321,-12.97,909.44,29.47,0.00,00:05:09,0.000000,0.000000,0.00,0,0.050,0.060,-0.858,-4.787,1.555,-3.293,6.014,1,SERVO:CLOSED,0.64,45
2024-ASI-CANSAT-049,329064,322,-12.92,909.44,29.47,0.00,00:05:10,0.000000,0.000000,0.00,0,0.051,0.061,-0.855,-4.726,1.555,-3.262,5.949,1,SERVO:CLOSED,8.76,45
2024-ASI-CANSAT-049,330073,323,-12.85,909.43,29.48,0.00,00:05:11,0.000000,0.000000,0.00,0,0.049,0.061,-0.857,-4.726,1.585,-3.293,5.974,1,SERVO:CLOSED,7.90,45
2024-ASI-CANSAT-049,331079,324,-12.83,909.43,29.48,0.00,00:05:12,0.000000,0.000000,0.00,0,0.051,0.061,-0.858,-4.756,1.585,-3.293,5.998,1,SERVO:CLOSED,7.33,45
2024-ASI-CANSAT-049,332085,325,-12.93,909.44,29.50,0.00,00:05:13,0.000000,0.000000,0.00,0,0.052,0.060,-0.859,-4.726,1.555,-3.262,5.949,1,SERVO:CLOSED,-8.84,45
2024-ASI-CANSAT-049,333094,326,-12.91,909.44,29.51,0.00,00:05:14,0.000000,0.000000,0.00,0,0.050,0.061,-0.859,-4.695,1.524,-3.293,5.934,1,SERVO:CLOSED,-8.69,45
2024-ASI-CANSAT-049,334099,327,-12.91,909.44,29.52,0.00,00:05:15,0.000000,0.000000,0.00,0,0.049,0.061,-0.855,-4.756,1.646,-3.293,6.014,1,SERVO:CLOSED,-0.39,45
2024-ASI-CANSAT-049,335103,328,-12.94,909.44,29.53,0.00,00:05:16,0.000000,0.000000,0.00,0,0.051,0.060,-0.858,-4.726,1.524,-3.293,5.958,1,SERVO:CLOSED,0.49,45
2024-ASI-CANSAT-049,336107,329,-12.95,909.44,29.55,0.00,00:05:17,0.000000,0.000000,0.00,0,0.049,0.061,-0.859,-4.695,1.524,-3.293,5.934,1,SERVO:CLOSED,9.64,45
2024-ASI-CANSAT-049,337115,330,-12.96,909.44,29.56,0.00,00:05:18,0.000000,0.000000,0.00,0,0.051,0.058,-0.860,-4.726,1.494,-3.354,5.984,1,SERVO:CLOSED,1.97,45
2024-ASI-CANSAT-049,338117,331,-12.97,909.44,29.57,0.00,00:05:19,0.000000,0.000000,0.00,0,0.048,0.060,-0.858,-4.726,1.555,-3.293,5.966,1,SERVO:CLOSED,-7.28,45
2024-ASI-CANSAT-049,339120,332,-12.92,909.44,29.57,0.00,00:05:20,0.000000,0.000000,0.00,0,0.049,0.063,-0.859,-4.726,1.524,-3.354,5.992,1,SERVO:CLOSED,-7.85,45
2024-ASI-CANSAT-049,340123,333,-12.91,909.44,29.59,0.00,00:05:21,0.000000,0.000000,0.00,0,0.043,0.061,-0.857,-4.726,1.585,-3.780,6.256,1,SERVO:CLOSED,-2.84,45
2024-ASI-CANSAT-049,341127,334,-12.99,909.45,29.60,0.00,00:05:22,0.000000,0.000000,0.00,0,0.044,0.051,-0.861,-6.159,0.915,-1.951,6.525,1,SERVO:CLOSED,6.57,45
2024-ASI-CANSAT-049,342135,335,-12.98,909.45,29.60,0.00,00:05:23,0.000000,0.000000,0.00,0,0.048,0.056,-0.859,-4.421,1.463,-3.323,5.721,1,SERVO:CLOSED,9.87,45
2024-ASI-CANSAT-049,343140,336,-12.93,909.44,29.61,0.00,00:05:24,0.000000,0.000000,0.00,0,0.035,0.066,-0.859,-4.268,1.311,-3.354,5.584,1,SERVO:CLOSED,9.69,45
2024-ASI-CANSAT-049,344147,337,-12.97,909.44,29.62,0.00,00:05:25,0.000000,0.000000,0.00,0,0.118,0.032,-0.868,-5.274,3.018,-3.963,7.255,1,SERVO:CLOSED,-5.53,45
2024-ASI-CANSAT-049,345147,338,-12.95,909.44,29.62,0.00,00:05:26,0.000000,0.000000,0.00,0,0.052,0.066,-0.859,-4.817,1.585,-3.323,6.063,1,SERVO:CLOSED,-10.00,45
2024-ASI-CANSAT-049,346147,339,-12.98,909.45,29.63,0.00,00:05:27,0.000000,0.000000,0.00,0,0.049,0.060,-0.857,-4.787,1.585,-3.293,6.022,1,SERVO:CLOSED,-5.12,45
2024-ASI-CANSAT-049,347148,340,-12.99,909.45,29.64,0.00,00:05:28,0.000000,0.000000,0.00,0,0.050,0.062,-0.861,-4.726,1.555,-3.354,6.000,1,SERVO:CLOSED,-4.35,45
2024-ASI-CANSAT-049,348155,341,-12.96,909.44,29.66,0.00,00:05:29,0.000000,0.000000,0.00,0,0.051,0.059,-0.860,-4.726,1.555,-3.354,6.000,1,SERVO:CLOSED,9.94,45
2024-ASI-CANSAT-049,349163,342,-12.94,909.44,29.66,0.00,00:05:30,0.000000,0.000000,0.00,0,0.051,0.062,-0.854,-4.817,1.494,-3.293,6.023,1,SERVO:CLOSED,7.52,45
2024-ASI-CANSAT-049,350165,343,-12.93,909.44,29.66,0.00,00:05:31,0.000000,0.000000,0.00,0,0.050,0.060,-0.858,-4.787,1.555,-3.354,6.048,1,SERVO:CLOSED,-1.50,45
2024-ASI-CANSAT-049,351174,344,-12.89,909.44,29.66,0.00,00:05:32,0.000000,0.000000,0.00,0,0.049,0.062,-0.856,-4.756,1.524,-3.262,5.965,1,SERVO:CLOSED,-4.02,45
2024-ASI-CANSAT-049,352176,345,-12.92,909.44,29.67,0.00,00:05:33,0.000000,0.000000,0.00,0,0.051,0.062,-0.855,-4.726,1.524,-3.293,5.958,1,SERVO:CLOSED,-7.49,45
2024-ASI-CANSAT-049,353183,346,-12.81,909.43,29.67,0.00,00:05:34,0.000000,0.000000,0.00,0,0.049,0.060,-0.856,-4.787,1.555,-3.293,6.014,1,SERVO:CLOSED,1.58,45
2024-ASI-CANSAT-049,354189,347,-12.90,909.44,29.68,0.00,00:05:35,0.000000,0.000000,0.00,0,0.051,0.059,-0.859,-4.756,1.524,-3.323,5.999,1,SERVO:CLOSED,8.72,45
2024-ASI-CANSAT-049,355195,348,-12.91,909.44,29.68,0.00,00:05:36,0.000000,0.000000,0.00,0,0.003,0.036,-0.852,-1.098,-0.152,-4.177,4.321,1,SERVO:CLOSED,9.63,45
2024-ASI-CANSAT-049,356203,349,-12.91,909.44,29.68,0.00,00:05:37,0.000000,0.000000,0.00,0,-0.254,0.800,-0.352,-61.311,32.622,13.262,70.704,1,SERVO:CLOSED,-0.64,45
2024-ASI-CANSAT-049,357210,350,-12.99,909.45,29.68,0.00,00:05:38,0.000000,0.000000,0.00,0,-0.349,0.482,-0.645,-30.457,7.104,-123.902,127.789,1,SERVO:CLOSED,-8.76,45
2024-ASI-CANSAT-049,358213,351,-12.93,909.44,29.68,0.00,00:05:39,0.000000,0.000000,0.00,0,-0.419,0.874,-0.245,-43.780,-110.701,207.835,239.514,1,SERVO:CLOSED,-8.72,45
2024-ASI-CANSAT-049,359218,352,-12.87,909.43,29.68,0.00,00:05:40,0.000000,0.000000,0.00,0,0.446,0.739,-0.347,-14.299,-8.384,-4.390,17.147,1,SERVO:CLOSED,-8.25,45
2024-ASI-CANSAT-049,360223,353,-12.73,909.42,29.68,0.00,00:05:41,0.000000,0.000000,0.00,0,0.593,0.679,-0.359,-7.378,-4.848,-3.811,9.616,1,SERVO:CLOSED,8.22,45
2024-ASI-CANSAT-049,361227,354,-12.74,909.42,29.68,0.00,00:05:42,0.000000,0.000000,0.00,0,0.510,0.661,-0.487,13.628,3.476,-7.317,15.854,1,SERVO:CLOSED,9.12,45
2024-ASI-CANSAT-049,5168,0,-12.02,909.49,29.48,0.00,,0.000000,0.000000,0.00,0,-0.291,0.111,-0.607,32.835,-9.787,-8.872,35.393,0,SERVO:CLOSED,-8.14,45
2024-ASI-CANSAT-049,5965,1,-12.15,909.50,29.43,0.00,23:59:47,0.000000,0.000000,0.00,0,-0.760,0.096,-0.753,-0.854,-1.189,-8.902,9.022,0,SERVO:CLOSED,-1.63,45
2024-ASI-CANSAT-049,6973,2,-12.34,909.53,29.40,0.00,23:59:48,0.000000,0.000000,0.00,0,-0.389,0.017,-0.769,-5.579,-2.622,-4.878,7.861,0,SERVO:CLOSED,5.96,45
2024-ASI-CANSAT-049,7980,3,-0.48,910.88,29.82,0.00,23:59:49,0.000000,0.000000,0.00,0,-0.713,0.104,-0.774,-4.573,0.671,-3.780,5.971,0,,45
2024-ASI-CANSAT-049,8981,4,-12.33,909.52,29.35,0.00,23:59:50,0.000000,0.000000,0.00,0,-0.392,0.012,-0.775,-4.360,2.226,-3.567,6.057,0,SERVO:CLOSED,3.98,45
2024-ASI-CANSAT-049,9985,5,-12.35,909.53,29.34,0.00,23:59:51,0.000000,0.000000,0.00,0,-0.712,0.104,-0.781,-5.061,0.884,-3.171,6.037,0,SERVO:CLOSED,3.16,45
2024-ASI-CANSAT-049,10989,6,-12.37,909.53,29.33,0.00,23:59:52,0.000000,0.000000,0.00,0,-0.347,0.005,-0.784,-5.000,1.707,-3.110,6.131,1,SERVO:CLOSED,-5.52,45
2024-ASI-CANSAT-049,11992,7,-12.35,909.53,29.31,0.00,23:59:53,0.000000,0.000000,0.00,0,-0.650,0.109,-0.792,6.067,11.707,5.671,14.354,1,SERVO:CLOSED,-10.00,45
2024-ASI-CANSAT-049,12992,8,-12.41,909.53,29.30,0.00,23:59:54,0.000000,0.000000,0.00,0,-0.232,-0.021,-0.833,-12.287,-7.409,-1.037,14.385,1,SERVO:CLOSED,4.78,45
2024-ASI-CANSAT-049,13995,9,-12.31,909.52,29.30,0.00,23:59:55,0.000000,0.000000,0.00,0,-0.571,0.118,-0.833,-4.909,2.683,-3.872,6.803,1,SERVO:CLOSED,5.73,45
2024-ASI-CANSAT-049,14999,10,-12.32,909.52,29.30,0.00,23:59:56,0.000000,0.000000,0.00,0,-0.167,-0.042,-0.850,-4.055,3.110,-4.909,7.086,1,SERVO:CLOSED,9.97,45
2024-ASI-CANSAT-049,16003,11,-12.28,909.52,29.29,0.00,11:36:44,0.000000,0.000000,0.00,0,-0.219,-0.020,-0.823,-2.287,-0.884,-2.348,3.394,1,SERVO:CLOSED,6.05,45
2024-ASI-CANSAT-049,17006,12,-12.33,909.52,29.27,0.00,11:36:45,0.000000,0.000000,0.00,0,-0.193,-0.042,-0.823,-6.037,-7.866,-0.396,9.923,1,SERVO:CLOSED,-9.50,45
2024-ASI-CANSAT-049,18008,13,-12.29,909.52,29.26,0.00,11:36:46,0.000000,0.000000,0.00,0,-0.224,0.006,-0.813,-4.482,-0.701,-3.720,5.866,1,SERVO:CLOSED,-9.91,45
2024-ASI-CANSAT-049,19017,14,-12.32,909.52,29.26,0.00,11:36:47,0.000000,0.000000,0.00,0,-0.263,-0.009,-0.822,-4.573,-1.585,-2.043,5.254,1,SERVO:CLOSED,-6.76,45
2024-ASI-CANSAT-049,20024,15,-12.32,909.52,29.25,0.00,11:36:48,0.000000,0.000000,0.00,0,-0.275,0.004,-0.815,-4.543,-0.854,-3.506,5.802,1,SERVO:CLOSED,2.58,45
2024-ASI-CANSAT-049,21031,16,-12.36,909.53,29.24,0.00,11:36:49,0.000000,0.000000,0.00,0,-0.251,-0.021,-0.804,-15.854,15.030,19.390,29.210,1,SERVO:CLOSED,7.55,45
2024-ASI-CANSAT-049,22034,17,-12.33,909.52,29.24,0.00,11:36:50,0.000000,0.000000,0.00,0,-0.310,-0.109,-0.895,-26.189,-26.951,16.159,40.906,1,SERVO:CLOSED,6.95,45
2024-ASI-CANSAT-049,23034,18,-12.40,909.53,29.25,0.00,11:36:51,0.000000,0.000000,0.00,0,-0.372,0.069,-0.761,-19.268,28.171,-18.780,38.956,1,SERVO:CLOSED,-1.42,45
2024-ASI-CANSAT-049,24034,19,-12.55,909.55,29.24,0.00,11:36:52,0.000000,0.000000,0.00,0,-0.328,-0.025,-0.795,-0.701,5.518,-5.213,7.624,1,SERVO:CLOSED,-9.15,45
2024-ASI-CANSAT-049,25034,20,-12.44,909.54,29.24,0.00,11:36:53,0.000000,0.000000,0.00,0,-0.314,-0.023,-0.796,-4.817,1.921,-3.537,6.277,1,SERVO:CLOSED,-7.66,45
2024-ASI-CANSAT-049,26042,21,-12.45,909.54,29.24,0.00,11:36:54,0.000000,0.000000,0.00,0,-0.312,-0.027,-0.798,-4.756,1.341,-3.415,6.007,1,SERVO:CLOSED,0.75,45
2024-ASI-CANSAT-049,27052,22,-12.49,909.54,29.25,0.00,11:36:55,0.000000,0.000000,0.00,0,-0.315,-0.028,-0.799,-5.335,1.098,-3.354,6.397,1,SERVO:CLOSED,9.60,45
2024-ASI-CANSAT-049,28051,23,-12.44,909.54,29.24,0.00,11:36:56,0.000000,0.000000,0.00,0,-0.369,0.115,-0.705,3.689,18.933,-4.421,19.789,1,SERVO:CLOSED,8.92,45
2024-ASI-CANSAT-049,29052,24,-12.33,909.52,29.25,0.00,11:36:57,0.000000,0.000000,0.00,0,-0.286,0.031,-0.804,-5.701,0.732,-2.561,6.293,1,SERVO:CLOSED,1.48,45
2024-ASI-CANSAT-049,30053,25,-12.41,909.53,29.25,0.00,11:36:58,0.000000,0.000000,0.00,0,-0.308,0.041,-0.798,-5.061,1.524,-3.171,6.164,1,SERVO:CLOSED,-7.54,45
2024-ASI-CANSAT-049,31054,26,-12.50,909.54,29.24,0.00,11:36:59,0.000000,0.000000,0.00,0,-0.335,0.040,-0.798,-4.451,-0.457,-3.689,5.799,1,SERVO:CLOSED,-2.70,45
2024-ASI-CANSAT-049,32061,27,-12.49,909.54,29.24,0.00,11:37:00,0.000000,0.000000,0.00,0,-0.322,0.042,-0.781,-5.518,-1.768,-3.445,6.741,1,SERVO:CLOSED,-1.84,45
2024-ASI-CANSAT-049,33061,28,-12.53,909.55,29.24,0.00,11:37:01,0.000000,0.000000,0.00,0,-0.356,-0.065,-0.801,-5.793,-2.439,-0.854,6.343,1,SERVO:CLOSED,6.58,45
2024-ASI-CANSAT-049,34070,29,-12.41,909.53,29.23,0.00,11:37:02,0.000000,0.000000,0.00,0,-0.367,-0.051,-0.778,-4.573,-13.415,-13.171,19.348,1,SERVO:CLOSED,9.99,45
2024-ASI-CANSAT-049,35073,30,-12.42,909.53,29.24,0.00,11:37:03,0.000000,0.000000,0.00,0,-0.463,-0.037,-0.719,-0.701,5.945,-2.652,6.548,1,SERVO:CLOSED,-4.59,45
2024-ASI-CANSAT-049,36082,31,-12.41,909.53,29.24,0.00,11:37:04,0.000000,0.000000,0.00,0,-0.534,-0.048,-0.687,-0.884,5.549,8.994,10.605,1,SERVO:CLOSED,-5.77,45
2024-ASI-CANSAT-049,37084,32,-12.45,909.54,29.24,0.00,11:37:05,0.000000,0.000000,0.00,0,-0.412,0.346,-0.672,1.555,19.421,-8.415,21.222,1,SERVO:CLOSED,-9.99,45
2024-ASI-CANSAT-049,38089,33,-12.47,909.54,29.24,0.00,11:37:06,0.000000,0.000000,0.00,0,-0.429,0.291,-0.738,-22.896,-8.598,-10.457,26.599,1,SERVO:CLOSED,-4.97,45
2024-ASI-CANSAT-049,39096,34,-12.41,909.53,29.25,0.00,11:37:07,0.000000,0.000000,0.00,0,-0.628,0.124,-0.625,-10.884,1.494,-6.463,12.746,1,SERVO:CLOSED,9.96,45
2024-ASI-CANSAT-049,40105,35,-12.45,909.54,29.25,0.00,11:37:08,0.000000,0.000000,0.00,0,-0.494,0.024,-0.697,-17.652,-4.238,0.579,18.163,1,SERVO:CLOSED,10.00,45
2024-ASI-CANSAT-049,41106,36,-12.49,909.54,29.26,0.00,11:37:09,0.000000,0.000000,0.00,0,-0.469,0.096,-0.677,-16.860,13.232,-1.890,21.515,1,SERVO:CLOSED,6.21,45
2024-ASI-CANSAT-049,42114,37,-12.45,909.54,29.26,0.00,11:37:10,0.000000,0.000000,0.00,0,-0.491,0.081,-0.722,-8.110,6.067,-8.628,13.305,1,SERVO:CLOSED,-3.35,45
2024-ASI-CANSAT-049,43118,38,-12.40,909.53,29.24,0.00,11:37:11,0.000000,0.000000,0.00,0,-0.510,0.192,-0.696,-6.799,1.829,-4.848,8.548,1,SERVO:CLOSED,-7.01,45
2024-ASI-CANSAT-049,44123,39,-12.46,909.54,29.24,0.00,11:37:12,0.000000,0.000000,0.00,0,-0.502,0.127,-0.692,-2.561,2.165,-8.415,9.058,1,SERVO:CLOSED,-6.35,45
2024-ASI-CANSAT-049,45126,40,-12.43,909.54,29.24,0.00,11:37:13,0.000000,0.000000,0.00,0,-0.502,0.143,-0.695,-3.659,2.988,-5.396,7.172,1,SERVO:CLOSED,2.12,45
2024-ASI-CANSAT-049,46133,41,-12.47,909.54,29.24,0.00,11:37:14,0.000000,0.000000,0.00,0,-0.441,0.083,-0.707,-3.872,3.689,-3.323,6.296,1,SERVO:CLOSED,9.38,45
2024-ASI-CANSAT-049,47142,42,-12.47,909.54,29.24,0.00,11:37:15,0.000000,0.000000,0.00,0,-0.479,0.113,-0.722,-4.726,1.890,-2.561,5.698,1,SERVO:CLOSED,0.29,45
2024-ASI-CANSAT-049,48144,43,-12.46,909.54,29.24,0.00,11:37:16,0.000000,0.000000,0.00,0,-0.461,0.114,-0.714,-4.512,1.921,-2.866,5.680,1,SERVO:CLOSED,-1.09,45
2024-ASI-CANSAT-049,49145,44,-12.38,909.53,29.24,0.00,11:37:17,0.000000,0.000000,0.00,0,-0.459,0.123,-0.723,-4.451,-1.799,-2.774,5.545,1,SERVO:CLOSED,-8.96,45
2024-ASI-CANSAT-049,50154,45,-12.52,909.54,29.24,0.00,11:37:18,0.000000,0.000000,0.00,0,-0.474,0.129,-0.721,-4.207,0.000,-2.652,4.974,1,SERVO:CLOSED,-8.57,45
2024-ASI-CANSAT-049,51161,46,-12.41,909.53,29.24,0.00,11:37:19,0.000000,0.000000,0.00,0,-0.480,0.131,-0.717,-3.963,5.030,-2.591,6.909,1,SERVO:CLOSED,8.36,45
2024-ASI-CANSAT-049,52167,47,-12.41,909.53,29.24,0.00,11:37:20,0.000000,0.000000,0.00,0,-0.468,0.121,-0.725,-4.268,1.982,-2.134,5.167,1,SERVO:CLOSED,8.80,45
2024-ASI-CANSAT-049,53169,48,-12.37,909.53,29.24,0.00,11:37:21,0.000000,0.000000,0.00,0,-0.455,0.120,-0.711,-5.579,0.915,-4.665,7.330,1,SERVO:CLOSED,9.62,45
2024-ASI-CANSAT-049,54174,49,-12.30,909.52,29.24,0.00,11:37:22,0.000000,0.000000,0.00,0,-0.480,0.117,-0.720,-4.238,2.256,-1.159,4.939,1,SERVO:CLOSED,2.11,45
2024-ASI-CANSAT-049,55178,50,-12.45,909.54,29.22,0.00,11:37:23,0.000000,0.000000,0.00,0,-0.467,0.120,-0.723,-4.421,1.067,-3.689,5.856,1,SERVO:CLOSED,-9.61,45
2024-ASI-CANSAT-049,56187,51,-12.47,909.54,29.21,0.00,11:37:24,0.000000,0.000000,0.00,0,-0.455,0.106,-0.714,-4.360,0.671,-4.177,6.075,1,SERVO:CLOSED,-9.33,45
2024-ASI-CANSAT-049,57196,52,-12.56,909.55,29.22,0.00,11:37:25,0.000000,0.000000,0.00,0,-0.459,0.107,-0.717,-5.854,1.128,-3.811,7.075,1,SERVO:CLOSED,-2.96,45
2024-ASI-CANSAT-049,58203,53,-12.52,909.55,29.19,0.00,11:37:26,0.000000,0.000000,0.00,0,-0.409,0.162,-0.714,-2.835,8.659,-0.366,9.118,1,SERVO:CLOSED,5.62,45
2024-ASI-CANSAT-049,59212,54,-12.49,909.54,29.16,0.00,11:37:27,0.000000,0.000000,0.00,0,-0.459,0.291,-0.691,-6.037,4.482,5.396,9.255,1,SERVO:CLOSED,3.71,45
2024-ASI-CANSAT-049,60220,55,-12.48,909.54,29.15,0.00,11:37:28,0.000000,0.000000,0.00,0,-0.427,0.193,-0.715,-4.848,1.829,-1.128,5.303,1,SERVO:CLOSED,2.88,45
2024-ASI-CANSAT-049,61225,56,-12.49,909.54,29.15,0.00,11:37:29,0.000000,0.000000,0.00,0,-0.641,0.646,-0.670,-52.988,-20.457,27.012,62.896,1,SERVO:CLOSED,-5.67,45
2024-ASI-CANSAT-049,62232,57,-12.46,909.54,29.13,0.00,11:37:30,0.000000,0.000000,0.00,0,-0.111,0.556,-0.650,-33.354,41.494,-62.561,82.147,1,SERVO:CLOSED,-10.00,45
2024-ASI-CANSAT-049,63232,58,-12.24,909.51,29.11,0.00,11:37:31,0.000000,0.000000,0.00,0,0.171,0.236,-0.844,-10.701,6.159,18.445,22.196,1,SERVO:CLOSED,3.55,45
2024-ASI-CANSAT-049,64238,59,-12.21,909.51,29.11,0.00,11:37:32,0.000000,0.000000,0.00,0,0.127,0.575,-0.572,-27.957,-5.000,19.543,34.475,1,SERVO:CLOSED,5.24,45
2024-ASI-CANSAT-049,65243,60,-12.21,909.51,29.10,0.00,11:37:33,0.000000,0.000000,0.00,0,0.266,0.563,-0.565,40.915,-2.866,21.738,46.419,1,SERVO:CLOSED,9.98,45
2024-ASI-CANSAT-049,66251,61,-12.11,909.50,29.09,0.00,11:37:34,0.000000,0.000000,0.00,0,0.294,0.888,-0.287,-19.817,-24.146,15.183,34.732,1,SERVO:CLOSED,5.93,45
2024-ASI-CANSAT-049,67255,62,-12.10,909.50,29.08,0.00,11:37:35,0.000000,0.000000,0.00,0,-0.239,0.620,-0.505,29.695,-55.152,-22.988,66.724,1,SERVO:CLOSED,-9.79,45
2024-ASI-CANSAT-049,68255,63,-12.11,909.50,29.07,0.00,11:37:36,0.000000,0.000000,0.00,0,-0.335,0.518,-0.645,-1.555,17.652,-27.957,33.100,1,SERVO:CLOSED,-9.95,45
2024-ASI-CANSAT-049,69260,64,-12.07,909.50,29.08,0.00,11:37:37,0.000000,0.000000,0.00,0,-0.390,0.472,-0.640,-0.823,-1.555,-4.329,4.673,1,SERVO:CLOSED,-7.02,45
2024-ASI-CANSAT-049,70268,65,-12.07,909.50,29.07,0.00,11:37:38,0.000000,0.000000,0.00,0,-0.363,0.441,-0.661,-2.195,1.494,-1.280,2.948,1,SERVO:CLOSED,0.78,45
2024-ASI-CANSAT-049,71274,66,-12.10,909.50,29.04,0.00,11:37:39,0.000000,0.000000,0.00,0,-0.330,0.410,-0.699,-7.073,-0.396,-0.915,7.143,1,SERVO:CLOSED,7.82,45
2024-ASI-CANSAT-049,72279,67,-12.16,909.50,29.03,0.00,11:37:40,0.000000,0.000000,0.00,0,-0.346,0.414,-0.687,-5.671,1.372,-6.159,8.483,1,SERVO:CLOSED,7.25,45
2024-ASI-CANSAT-049,73286,68,-12.07,909.50,29.03,0.00,11:37:41,0.000000,0.000000,0.00,0,-0.297,0.429,-0.683,-10.152,12.287,-16.707,23.090,1,SERVO:CLOSED,0.14,45
2024-ASI-CANSAT-049,74286,69,-12.11,909.50,29.02,0.00,11:37:42,0.000000,0.000000,0.00,0,0.242,0.662,-0.654,26.921,34.512,39.085,58.681,1,SERVO:CLOSED,-8.33,45
2024-ASI-CANSAT-049,75290,70,-12.07,909.50,29.00,0.00,11:37:43,0.000000,0.000000,0.00,0,0.389,0.197,-0.786,16.220,16.006,-22.104,31.746,1,SERVO:CLOSED,-1.47,45
2024-ASI-CANSAT-049,76297,71,-12.13,909.50,29.01,0.00,11:37:44,0.000000,0.000000,0.00,0,1.111,0.532,0.202,4.116,104.634,15.762,105.895,1,SERVO:CLOSED,0.41,45
2024-ASI-CANSAT-049,77302,72,-12.22,909.51,29.00,0.00,11:37:45,0.000000,0.000000,0.00,0,0.553,0.181,-0.674,14.817,19.573,-33.537,41.561,1,SERVO:CLOSED,8.41,45
2024-ASI-CANSAT-049,78309,73,-12.30,909.52,29.00,0.00,11:37:46,0.000000,0.000000,0.00,0,0.553,0.608,-0.537,14.177,43.598,-76.829,89.468,1,SERVO:CLOSED,9.08,45
2024-ASI-CANSAT-049,79317,74,-12.45,909.54,28.98,0.00,11:37:47,0.000000,0.000000,0.00,0,0.407,0.297,-0.774,20.671,47.561,-59.726,79.098,1,SERVO:CLOSED,-7.71,45
2024-ASI-CANSAT-049,80318,75,-12.49,909.54,28.97,0.00,11:37:48,0.000000,0.000000,0.00,0,0.478,0.337,-0.736,-18.110,-51.128,42.348,68.814,1,SERVO:CLOSED,-8.23,45
2024-ASI-CANSAT-049,81319,76,-12.50,909.54,28.98,0.00,11:37:49,0.000000,0.000000,0.00,0,0.170,-0.092,-0.874,-11.098,21.433,53.506,58.698,1,SERVO:CLOSED,-9.61,45
2024-ASI-CANSAT-049,82319,77,-12.53,909.55,28.97,0.00,11:37:50,0.000000,0.000000,0.00,0,0.092,-0.179,-0.727,28.994,-0.701,14.482,32.417,1,SERVO:CLOSED,-2.75,45
2024-ASI-CANSAT-049,83321,78,-12.53,909.55,28.96,0.00,11:37:51,0.000000,0.000000,0.00,0,0.072,0.232,-0.857,-93.201,-19.604,65.274,115.462,1,SERVO:CLOSED,9.85,45
2024-ASI-CANSAT-049,84327,79,-12.54,909.55,28.95,0.00,11:37:52,0.000000,0.000000,0.00,0,0.374,0.785,-0.510,-2.317,11.677,-22.835,25.752,1,SERVO:CLOSED,9.66,45
2024-ASI-CANSAT-049,85328,80,-12.52,909.55,28.95,0.00,11:37:53,0.000000,0.000000,0.00,0,0.748,0.777,-0.254,50.915,25.213,-96.037,111.584,1,SERVO:CLOSED,3.88,45
2024-ASI-CANSAT-049,86331,81,-12.60,909.55,28.95,0.00,11:37:54,0.000000,0.000000,0.00,0,0.650,0.420,-0.400,-25.305,11.463,40.549,49.152,1,SERVO:CLOSED,-5.70,45
2024-ASI-CANSAT-049,87337,82,-12.69,909.56,28.93,0.00,11:37:55,0.000000,0.000000,0.00,0,0.438,0.242,-0.655,-27.348,-38.354,-61.159,77.196,1,SERVO:CLOSED,-4.83,45
2024-ASI-CANSAT-049,88337,83,-12.68,909.56,28.93,0.00,11:37:56,0.000000,0.000000,0.00,0,-0.086,0.381,-0.695,44.055,35.366,219.390,226.547,1,SERVO:CLOSED,-4.05,45
2024-ASI-CANSAT-049,89343,84,-12.56,909.55,28.93,0.00,11:37:57,0.000000,0.000000,0.00,0,0.465,-0.184,-0.824,-6.860,20.488,131.250,133.016,1,SERVO:CLOSED,4.75,45
2024-ASI-CANSAT-049,90345,85,-12.52,909.54,28.93,0.00,11:37:58,0.000000,0.000000,0.00,0,0.432,-0.618,-0.488,-56.037,53.506,83.933,114.227,1,SERVO:CLOSED,9.70,45
2024-ASI-CANSAT-049,91345,86,-12.54,909.55,28.92,0.00,11:37:59,0.000000,0.000000,0.00,0,0.521,-0.605,-0.460,0.000,-0.732,-1.250,1.448,1,SERVO:CLOSED,-1.87,45
2024-ASI-CANSAT-049,5172,0,-11.97,909.18,28.81,0.00,,0.000000,0.000000,0.00,0,0.062,0.051,-0.858,-4.634,1.616,-3.293,5.910,0,SERVO:CLOSED,-9.61,45
2024-ASI-CANSAT-049,6079,1,-11.99,909.18,28.80,0.00,23:59:47,0.000000,0.000000,0.00,0,-0.380,0.127,-0.860,-4.665,1.585,-3.354,5.960,0,SERVO:CLOSED,-8.14,45
2024-ASI-CANSAT-049,7087,2,-12.03,909.18,28.78,0.00,23:59:48,0.000000,0.000000,0.00,0,0.060,0.051,-0.860,-4.695,1.616,-3.354,5.992,0,SERVO:CLOSED,-1.59,45
2024-ASI-CANSAT-049,8092,3,-12.08,909.19,28.78,0.00,23:59:49,0.000000,0.000000,0.00,0,-0.345,0.072,-0.861,-4.695,1.616,-3.354,5.992,0,SERVO:CLOSED,8.38,45
2024-ASI-CANSAT-049,9093,4,-12.08,909.19,28.78,0.00,23:59:50,0.000000,0.000000,0.00,0,0.061,0.051,-0.859,-4.756,1.646,-3.354,6.048,0,SERVO:CLOSED,8.83,45
2024-ASI-CANSAT-049,10093,5,-12.03,909.18,28.78,0.00,23:59:50,0.000000,0.000000,0.00,0,-0.335,0.070,-0.862,-4.634,1.616,-3.293,5.910,0,SERVO:CLOSED,9.20,45
2024-ASI-CANSAT-049,11094,6,-11.90,909.17,28.78,0.00,23:59:51,0.000000,0.000000,0.00,0,0.060,0.051,-0.860,-4.695,1.616,-3.323,5.975,1,SERVO:CLOSED,2.16,45
2024-ASI-CANSAT-049,12100,7,-11.98,909.18,28.78,0.00,11:39:26,0.000000,0.000000,0.00,0,-0.321,0.054,-0.862,-4.695,1.585,-3.354,5.984,1,SERVO:CLOSED,-9.88,45
2024-ASI-CANSAT-049,13108,8,-12.01,909.18,28.79,0.00,11:39:27,0.000000,0.000000,0.00,0,0.062,0.050,-0.860,-4.695,1.616,-3.323,5.975,1,SERVO:CLOSED,-9.24,45
2024-ASI-CANSAT-049,14109,9,-12.03,909.18,28.80,0.00,11:39:28,0.000000,0.000000,0.00,0,-0.333,0.044,-0.861,-4.695,1.585,-3.384,6.001,1,SERVO:CLOSED,-2.76,45
2024-ASI-CANSAT-049,15114,10,-12.03,909.18,28.80,0.00,11:39:29,0.000000,0.000000,0.00,0,0.060,0.050,-0.860,-4.695,1.585,-3.293,5.950,1,SERVO:CLOSED,6.56,45
2024-ASI-CANSAT-049,16120,11,-11.97,909.18,28.82,0.00,11:39:30,0.000000,0.000000,0.00,0,0.061,0.051,-0.860,-4.726,1.585,-3.293,5.974,1,SERVO:CLOSED,4.41,45
2024-ASI-CANSAT-049,17122,12,-11.93,909.17,28.82,0.00,11:39:31,0.000000,0.000000,0.00,0,0.059,0.051,-0.860,-4.726,1.585,-3.323,5.991,1,SERVO:CLOSED,2.91,45
2024-ASI-CANSAT-049,18122,13,-11.98,909.18,28.83,0.00,11:39:32,0.000000,0.000000,0.00,0,0.060,0.051,-0.860,-4.726,1.616,-3.323,5.999,1,SERVO:CLOSED,-5.45,45
2024-ASI-CANSAT-049,19130,14,-11.92,909.17,28.83,0.00,11:39:33,0.000000,0.000000,0.00,0,0.061,0.052,-0.859,-4.695,1.585,-3.354,5.984,1,SERVO:CLOSED,-10.00,45
2024-ASI-CANSAT-049,20132,15,-11.93,909.17,28.84,0.00,11:39:34,0.000000,0.000000,0.00,0,0.062,0.050,-0.860,-4.665,1.616,-3.323,5.951,1,SERVO:CLOSED,4.22,45
2024-ASI-CANSAT-049,21134,16,-11.95,909.17,28.84,0.00,11:39:35,0.000000,0.000000,0.00,0,0.059,0.051,-0.860,-4.695,1.585,-3.354,5.984,1,SERVO:CLOSED,5.42,45
2024-ASI-CANSAT-049,22141,17,-12.03,909.18,28.85,0.00,11:39:36,0.000000,0.000000,0.00,0,0.059,0.052,-0.861,-4.695,1.616,-3.354,5.992,1,SERVO:CLOSED,9.95,45
2024-ASI-CANSAT-049,23146,18,-12.13,909.19,28.84,0.00,11:39:37,0.000000,0.000000,0.00,0,0.059,0.050,-0.860,-4.695,1.616,-3.293,5.958,1,SERVO:CLOSED,6.27,45
2024-ASI-CANSAT-049,24152,19,-11.98,909.18,28.84,0.00,11:39:38,0.000000,0.000000,0.00,0,0.060,0.051,-0.859,-4.726,1.555,-3.354,6.000,1,SERVO:CLOSED,-9.36,45
2024-ASI-CANSAT-049,25161,20,-11.97,909.18,28.84,0.00,11:39:39,0.000000,0.000000,0.00,0,0.059,0.049,-0.857,-4.726,1.585,-3.293,5.974,1,SERVO:CLOSED,-9.93,45
2024-ASI-CANSAT-049,26169,21,-11.91,909.17,28.84,0.00,11:39:40,0.000000,0.000000,0.00,0,0.058,0.051,-0.861,-4.726,1.616,-3.354,6.016,1,SERVO:CLOSED,-7.12,45
2024-ASI-CANSAT-049,27172,22,-11.92,909.17,28.84,0.00,11:39:41,0.000000,0.000000,0.00,0,0.060,0.047,-0.859,-4.695,1.585,-3.293,5.950,1,SERVO:CLOSED,2.09,45
2024-ASI-CANSAT-049,28172,23,-12.10,909.19,28.85,0.00,11:39:42,0.000000,0.000000,0.00,0,0.060,0.052,-0.862,-4.665,1.585,-3.323,5.943,1,SERVO:CLOSED,8.04,45
2024-ASI-CANSAT-049,29175,24,-12.14,909.20,28.85,0.00,11:39:43,0.000000,0.000000,0.00,0,0.060,0.049,-0.861,-4.665,1.585,-3.323,5.943,1,SERVO:CLOSED,7.14,45
2024-ASI-CANSAT-049,30179,25,-12.11,909.19,28.85,0.00,11:39:44,0.000000,0.000000,0.00,0,0.061,0.051,-0.860,-4.726,1.616,-3.384,6.033,1,SERVO:CLOSED,-1.00,45
2024-ASI-CANSAT-049,31188,26,-12.12,909.19,28.85,0.00,11:39:45,0.000000,0.000000,0.00,0,0.059,0.050,-0.860,-4.695,1.585,-3.293,5.950,1,SERVO:CLOSED,-7.96,45
2024-ASI-CANSAT-049,32190,27,-12.10,909.19,28.85,0.00,11:39:46,0.000000,0.000000,0.00,0,0.060,0.049,-0.861,-4.726,1.616,-3.354,6.016,1,SERVO:CLOSED,-0.67,45
2024-ASI-CANSAT-049,33193,28,-12.15,909.20,28.85,0.00,11:39:47,0.000000,0.000000,0.00,0,0.060,0.050,-0.857,-4.695,1.616,-3.354,5.992,1,SERVO:CLOSED,0.96,45
2024-ASI-CANSAT-049,34195,29,-12.12,909.19,28.85,0.00,11:39:48,0.000000,0.000000,0.00,0,0.061,0.051,-0.858,-4.695,1.555,-3.323,5.959,1,SERVO:CLOSED,8.26,45
2024-ASI-CANSAT-049,35202,30,-12.13,909.19,28.85,0.00,11:39:49,0.000000,0.000000,0.00,0,0.059,0.051,-0.857,-4.695,1.646,-3.293,5.966,1,SERVO:CLOSED,9.40,45
2024-ASI-CANSAT-049,36212,31,-12.14,909.20,28.84,0.00,11:39:50,0.000000,0.000000,0.00,0,0.059,0.050,-0.861,-4.695,1.585,-3.354,5.984,1,SERVO:CLOSED,-7.19,45
2024-ASI-CANSAT-049,37217,32,-12.08,909.19,28.83,0.00,11:39:51,0.000000,0.000000,0.00,0,0.058,0.051,-0.859,-4.695,1.585,-3.354,5.984,1,SERVO:CLOSED,-8.36,45
2024-ASI-CANSAT-049,38223,33,-12.05,909.19,28.84,0.00,11:39:52,0.000000,0.000000,0.00,0,0.058,0.051,-0.860,-4.695,1.555,-3.323,5.959,1,SERVO:CLOSED,-9.32,45
2024-ASI-CANSAT-049,39229,34,-11.94,909.17,28.83,0.00,11:39:54,0.000000,0.000000,0.00,0,0.062,0.052,-0.860,-4.695,1.616,-3.262,5.941,1,SERVO:CLOSED,-2.42,45
2024-ASI-CANSAT-049,40229,35,-12.03,909.18,28.79,0.00,11:39:54,0.000000,0.000000,0.00,0,0.061,0.050,-0.861,-4.665,1.524,-3.293,5.910,1,SERVO:CLOSED,9.80,45
2024-ASI-CANSAT-049,41237,36,-12.06,909.19,28.78,0.00,11:39:55,0.000000,0.000000,0.00,0,0.059,0.051,-0.860,-4.726,1.616,-3.354,6.016,1,SERVO:CLOSED,9.59,45
2024-ASI-CANSAT-049,42238,37,-12.14,909.20,28.76,0.00,11:39:56,0.000000,0.000000,0.00,0,0.060,0.051,-0.860,-4.695,1.616,-3.323,5.975,1,SERVO:CLOSED,3.80,45
2024-ASI-CANSAT-049,43245,38,-12.12,909.19,28.74,0.00,11:39:57,0.000000,0.000000,0.00,0,0.062,0.052,-0.861,-4.726,1.585,-3.323,5.991,1,SERVO:CLOSED,-4.79,45
2024-ASI-CANSAT-049,44248,39,-11.98,909.18,28.70,0.00,11:39:58,0.000000,0.000000,0.00,0,0.059,0.050,-0.859,-4.756,1.585,-3.354,6.032,1,SERVO:CLOSED,-5.20,45
2024-ASI-CANSAT-049,45258,40,-12.00,909.18,28.70,0.00,11:40:00,0.000000,0.000000,0.00,0,0.060,0.050,-0.858,-4.695,1.555,-3.323,5.959,1,SERVO:CLOSED,-3.98,45
2024-ASI-CANSAT-049,46266,41,-11.97,909.18,28.69,0.00,11:40:00,0.000000,0.000000,0.00,0,0.058,0.050,-0.861,-4.726,1.646,-3.354,6.024,1,SERVO:CLOSED,4.72,45
2024-ASI-CANSAT-049,47266,42,-12.02,909.18,28.68,0.00,11:40:01,0.000000,0.000000,0.00,0,0.061,0.051,-0.859,-4.695,1.585,-3.293,5.950,1,SERVO:CLOSED,9.92,45
2024-ASI-CANSAT-049,48274,43,-12.10,909.19,28.67,0.00,11:40:02,0.000000,0.000000,0.00,0,0.060,0.049,-0.859,-4.726,1.555,-3.323,5.983,1,SERVO:CLOSED,-1.62,45
2024-ASI-CANSAT-049,49278,44,-12.07,909.19,28.67,0.00,11:40:03,0.000000,0.000000,0.00,0,0.059,0.051,-0.862,-4.695,1.555,-3.323,5.959,1,SERVO:CLOSED,-4.58,45
2024-ASI-CANSAT-049,50280,45,-12.04,909.18,28.66,0.00,11:40:04,0.000000,0.000000,0.00,0,0.060,0.051,-0.861,-4.695,1.585,-3.262,5.933,1,SERVO:CLOSED,-9.81,45
2024-ASI-CANSAT-049,51282,46,-12.04,909.18,28.66,0.00,11:40:06,0.000000,0.000000,0.00,0,0.062,0.051,-0.861,-4.695,1.585,-3.323,5.967,1,SERVO:CLOSED,-7.43,45
2024-ASI-CANSAT-049,52283,47,-11.89,909.17,28.66,0.00,11:40:06,0.000000,0.000000,0.00,0,0.061,0.051,-0.858,-4.695,1.555,-3.293,5.942,1,SERVO:CLOSED,9.19,45
2024-ASI-CANSAT-049,53292,48,-11.86,909.16,28.64,0.00,11:40:07,0.000000,0.000000,0.00,0,0.062,0.051,-0.860,-4.634,1.616,-3.262,5.893,1,SERVO:CLOSED,9.83,45
2024-ASI-CANSAT-049,54300,49,-11.86,909.16,28.65,0.00,11:40:08,0.000000,0.000000,0.00,0,0.059,0.050,-0.859,-4.695,1.524,-3.354,5.968,1,SERVO:CLOSED,7.72,45
2024-ASI-CANSAT-049,55303,50,-11.91,909.17,28.64,0.00,11:40:09,0.000000,0.000000,0.00,0,0.060,0.050,-0.861,-4.695,1.524,-3.384,5.985,1,SERVO:CLOSED,-0.63,45
2024-ASI-CANSAT-049,56312,51,-11.88,909.17,28.62,0.00,11:40:10,0.000000,0.000000,0.00,0,0.059,0.051,-0.861,-4.756,1.555,-3.323,6.007,1,SERVO:CLOSED,-8.52,45
2024-ASI-CANSAT-049,57317,52,-11.87,909.17,28.62,0.00,11:40:12,0.000000,0.000000,0.00,0,0.062,0.049,-0.861,-4.695,1.616,-3.323,5.975,1,SERVO:CLOSED,-8.03,45
2024-ASI-CANSAT-049,58323,53,-11.97,909.18,28.62,0.00,11:40:12,0.000000,0.000000,0.00,0,0.060,0.050,-0.859,-4.726,1.585,-3.323,5.991,1,SERVO:CLOSED,-0.31,45
2024-ASI-CANSAT-049,59323,54,-11.94,909.17,28.62,0.00,11:40:13,0.000000,0.000000,0.00,0,0.060,0.050,-0.861,-4.726,1.616,-3.354,6.016,1,SERVO:CLOSED,7.31,45
2024-ASI-CANSAT-049,60326,55,-11.95,909.17,28.62,0.00,11:40:14,0.000000,0.000000,0.00,0,0.060,0.051,-0.858,-4.695,1.646,-3.354,6.000,1,SERVO:CLOSED,1.73,45
2024-ASI-CANSAT-049,61330,56,-11.97,909.18,28.62,0.00,11:40:15,0.000000,0.000000,0.00,0,0.061,0.051,-0.860,-4.695,1.585,-3.354,5.984,1,SERVO:CLOSED,0.36,45
2024-ASI-CANSAT-049,62336,57,-11.95,909.17,28.62,0.00,11:40:16,0.000000,0.000000,0.00,0,0.058,0.051,-0.858,-4.756,1.585,-3.293,5.998,1,SERVO:CLOSED,-7.57,45
2024-ASI-CANSAT-049,63345,58,-11.93,909.17,28.61,0.00,11:40:18,0.000000,0.000000,0.00,0,0.061,0.048,-0.859,-4.756,1.555,-3.323,6.007,1,SERVO:CLOSED,-9.73,45
2024-ASI-CANSAT-049,64347,59,-12.00,909.18,28.61,0.00,11:40:18,0.000000,0.000000,0.00,0,0.058,0.051,-0.860,-4.695,1.555,-3.323,5.959,1,SERVO:CLOSED,5.13,45
2024-ASI-CANSAT-049,65350,60,-11.91,909.17,28.60,0.00,11:40:19,0.000000,0.000000,0.00,0,0.226,-0.122,-0.743,5.945,56.585,67.470,88.257,1,SERVO:CLOSED,7.53,45
2024-ASI-CANSAT-049,66353,61,-12.00,909.18,28.59,0.00,11:40:20,0.000000,0.000000,0.00,0,0.078,0.030,-0.858,-7.500,-3.049,0.762,8.132,1,SERVO:CLOSED,9.84,45
2024-ASI-CANSAT-049,67360,62,-12.08,909.19,28.59,0.00,11:40:21,0.000000,0.000000,0.00,0,0.039,0.008,-0.862,-8.811,3.293,-3.415,10.007,1,SERVO:CLOSED,4.50,45
2024-ASI-CANSAT-049,68368,63,-11.95,909.17,28.58,0.00,11:40:22,0.000000,0.000000,0.00,0,0.048,0.046,-0.859,-4.695,1.555,-3.354,5.976,1,SERVO:CLOSED,-9.99,45
2024-ASI-CANSAT-049,69377,64,-11.94,909.17,28.56,0.00,11:40:24,0.000000,0.000000,0.00,0,0.049,0.046,-0.862,-4.787,1.646,-3.201,5.989,1,SERVO:CLOSED,-9.85,45
2024-ASI-CANSAT-049,70377,65,-11.95,909.17,28.57,0.00,11:40:24,0.000000,0.000000,0.00,0,0.051,0.044,-0.862,-4.817,1.646,-3.171,5.997,1,SERVO:CLOSED,-4.98,45
2024-ASI-CANSAT-049,71377,66,-11.96,909.18,28.56,0.00,11:40:25,0.000000,0.000000,0.00,0,0.049,0.045,-0.860,-4.756,1.585,-3.293,5.998,1,SERVO:CLOSED,4.18,45
2024-ASI-CANSAT-049,72377,67,-11.97,909.18,28.55,0.00,11:40:26,0.000000,0.000000,0.00,0,0.039,-0.008,-0.865,-6.463,2.348,-2.805,7.427,1,SERVO:CLOSED,9.90,45
2024-ASI-CANSAT-049,73382,68,-12.03,909.18,28.53,0.00,11:40:27,0.000000,0.000000,0.00,0,0.041,0.020,-0.862,-4.360,1.250,-3.933,6.003,1,SERVO:CLOSED,-2.63,45
2024-ASI-CANSAT-049,74382,69,-12.02,909.18,28.52,0.00,11:40:28,0.000000,0.000000,0.00,0,0.046,0.021,-0.869,-0.762,-0.030,-3.476,3.558,1,SERVO:CLOSED,-3.47,45
2024-ASI-CANSAT-049,75388,70,-11.94,909.17,28.52,0.00,11:40:30,0.000000,0.000000,0.00,0,0.041,0.025,-0.862,-4.726,1.555,-3.567,6.122,1,SERVO:CLOSED,-9.65,45
2024-ASI-CANSAT-049,76388,71,-11.92,909.17,28.49,0.00,11:40:30,0.000000,0.000000,0.00,0,0.030,0.022,-0.861,-4.573,1.585,-3.598,6.031,1,SERVO:CLOSED,-7.40,45
2024-ASI-CANSAT-049,77395,72,-11.87,909.17,28.44,0.00,11:40:31,0.000000,0.000000,0.00,0,0.071,0.350,-0.827,-5.274,1.372,-9.390,10.857,1,SERVO:CLOSED,9.25,45
2024-ASI-CANSAT-049,78401,73,-11.90,909.17,28.43,0.00,11:40:32,0.000000,0.000000,0.00,0,-0.029,-0.033,-0.856,-8.171,9.909,-2.226,13.034,1,SERVO:CLOSED,9.55,45
2024-ASI-CANSAT-049,79402,74,-11.91,909.17,28.41,0.00,11:40:33,0.000000,0.000000,0.00,0,0.031,0.021,-0.863,-4.939,1.311,-0.976,5.202,1,SERVO:CLOSED,8.26,45
2024-ASI-CANSAT-049,80402,75,-11.83,909.16,28.40,0.00,11:40:34,0.000000,0.000000,0.00,0,0.048,0.032,-0.857,0.549,-0.732,-3.232,3.359,1,SERVO:CLOSED,0.90,45
2024-ASI-CANSAT-049,4366,0,-11.96,909.16,28.37,0.00,,0.000000,0.000000,0.00,0,0.005,0.009,-0.863,-6.463,2.409,-3.689,7.822,0,SERVO:CLOSED,-9.91,45
2024-ASI-CANSAT-049,5138,1,-11.99,909.17,28.36,0.00,11:40:40,0.000000,0.000000,0.00,0,-0.320,-0.132,-0.872,-4.085,0.915,-24.787,25.138,0,SERVO:CLOSED,-8.11,45
2024-ASI-CANSAT-049,6144,2,-12.11,909.18,28.34,0.00,11:40:42,0.000000,0.000000,0.00,0,0.055,0.015,-0.869,-3.720,-0.152,-2.683,4.589,0,SERVO:CLOSED,-1.46,45
2024-ASI-CANSAT-049,5164,0,-11.96,909.16,28.42,0.00,,0.000000,0.000000,0.00,0,0.044,0.036,-0.860,-4.665,1.616,-3.323,5.951,0,SERVO:CLOSED,-8.14,45
2024-ASI-CANSAT-049,6105,1,-11.97,909.16,28.41,0.00,23:59:47,0.000000,0.000000,0.00,0,-0.365,0.053,-0.862,-4.665,1.616,-3.384,5.985,0,SERVO:CLOSED,-0.24,45
2024-ASI-CANSAT-049,7105,2,-12.03,909.17,28.40,0.00,23:59:48,0.000000,0.000000,0.00,0,0.046,0.039,-0.865,-4.726,1.585,-3.323,5.991,0,SERVO:CLOSED,6.98,45
2024-ASI-CANSAT-049,8115,3,-12.10,909.17,28.40,0.00,23:59:49,0.000000,0.000000,0.00,0,-0.375,0.046,-0.860,-4.726,1.555,-3.323,5.983,0,SERVO:CLOSED,9.38,45
2024-ASI-CANSAT-049,9123,4,-12.02,909.17,28.40,0.00,23:59:50,0.000000,0.000000,0.00,0,0.046,0.036,-0.861,-4.665,1.555,-3.262,5.901,0,SERVO:CLOSED,9.04,45
2024-ASI-CANSAT-049,10131,5,-12.12,909.18,28.41,0.00,11:40:56,0.000000,0.000000,0.00,0,-0.359,0.049,-0.864,-4.604,1.646,-3.323,5.912,0,SERVO:CLOSED,2.35,45
2024-ASI-CANSAT-049,11135,6,-12.13,909.18,28.41,0.00,11:40:57,0.000000,0.000000,0.00,0,0.046,0.037,-0.860,-4.665,1.555,-3.323,5.935,1,SERVO:CLOSED,-6.10,45
2024-ASI-CANSAT-049,12137,7,-12.14,909.18,28.41,0.00,11:40:58,0.000000,0.000000,0.00,0,-0.356,0.065,-0.860,-4.695,1.616,-3.354,5.992,1,SERVO:CLOSED,-3.30,45
2024-ASI-CANSAT-049,13139,8,-12.09,909.17,28.41,0.00,11:40:59,0.000000,0.000000,0.00,0,0.047,0.038,-0.859,-4.726,1.616,-3.354,6.016,1,SERVO:CLOSED,-2.46,45
2024-ASI-CANSAT-049,14144,9,-12.14,909.18,28.41,0.00,11:41:00,0.000000,0.000000,0.00,0,-0.356,0.044,-0.862,-4.726,1.616,-3.323,5.999,1,SERVO:CLOSED,6.06,45
2024-ASI-CANSAT-049,15144,10,-12.12,909.18,28.41,0.00,11:41:00,0.000000,0.000000,0.00,0,0.046,0.039,-0.862,-4.695,1.585,-3.293,5.950,1,SERVO:CLOSED,9.97,45
2024-ASI-CANSAT-049,16152,11,-12.09,909.17,28.42,0.00,11:41:01,0.000000,0.000000,0.00,0,0.047,0.037,-0.860,-4.695,1.616,-3.384,6.009,1,SERVO:CLOSED,-3.58,45
2024-ASI-CANSAT-049,17153,12,-12.14,909.18,28.42,0.00,11:41:02,0.000000,0.000000,0.00,0,0.046,0.037,-0.859,-4.634,1.524,-3.293,5.886,1,SERVO:CLOSED,-5.88,45
2024-ASI-CANSAT-049,18155,13,-12.18,909.18,28.43,0.00,11:41:03,0.000000,0.000000,0.00,0,0.045,0.038,-0.860,-4.695,1.585,-3.323,5.967,1,SERVO:CLOSED,-9.98,45
2024-ASI-CANSAT-049,19155,14,-12.21,909.19,28.43,0.00,11:41:04,0.000000,0.000000,0.00,0,0.046,0.037,-0.862,-4.665,1.677,-3.262,5.934,1,SERVO:CLOSED,-5.93,45
2024-ASI-CANSAT-049,20164,15,-11.97,909.16,28.43,0.00,11:41:06,0.000000,0.000000,0.00,0,0.047,0.037,-0.861,-4.695,1.585,-3.323,5.967,1,SERVO:CLOSED,9.82,45
2024-ASI-CANSAT-049,21164,16,-12.01,909.17,28.42,0.00,11:41:06,0.000000,0.000000,0.00,0,0.045,0.037,-0.859,-4.665,1.585,-3.323,5.943,1,SERVO:CLOSED,9.99,45
2024-ASI-CANSAT-049,22166,17,-12.11,909.18,28.43,0.00,11:41:07,0.000000,0.000000,0.00,0,0.048,0.038,-0.858,-4.665,1.555,-3.354,5.952,1,SERVO:CLOSED,6.67,45
2024-ASI-CANSAT-049,23169,18,-12.11,909.18,28.43,0.00,11:41:08,0.000000,0.000000,0.00,0,0.045,0.035,-0.861,-4.665,1.524,-3.293,5.910,1,SERVO:CLOSED,-2.63,45
2024-ASI-CANSAT-049,24174,19,-12.13,909.18,28.42,0.00,11:41:09,0.000000,0.000000,0.00,0,0.046,0.039,-0.863,-4.695,1.616,-3.293,5.958,1,SERVO:CLOSED,-7.63,45
2024-ASI-CANSAT-049,25176,20,-12.13,909.18,28.42,0.00,11:41:10,0.000000,0.000000,0.00,0,0.043,0.028,-0.860,-4.604,1.494,-3.171,5.786,1,SERVO:CLOSED,-7.03,45
2024-ASI-CANSAT-049,26179,21,-12.12,909.18,28.42,0.00,11:41:12,0.000000,0.000000,0.00,0,0.042,0.010,-0.863,-6.890,2.530,-3.415,8.096,1,SERVO:CLOSED,1.21,45
2024-ASI-CANSAT-049,27184,22,-12.15,909.18,28.42,0.00,11:41:12,0.000000,0.000000,0.00,0,0.045,0.037,-0.859,-4.604,1.616,-3.293,5.886,1,SERVO:CLOSED,9.02,45
2024-ASI-CANSAT-049,28184,23,-12.10,909.17,28.42,0.00,11:41:13,0.000000,0.000000,0.00,0,0.044,0.037,-0.862,-4.634,1.616,-3.293,5.910,1,SERVO:CLOSED,1.54,45
2024-ASI-CANSAT-049,29190,24,-12.09,909.17,28.43,0.00,11:41:15,0.000000,0.000000,0.00,0,0.045,0.037,-0.859,-4.695,1.585,-3.262,5.933,1,SERVO:CLOSED,-1.07,45
2024-ASI-CANSAT-049,30199,25,-12.16,909.18,28.42,0.00,11:41:16,0.000000,0.000000,0.00,0,0.047,0.036,-0.861,-4.695,1.585,-3.354,5.984,1,SERVO:CLOSED,-8.43,45
2024-ASI-CANSAT-049,31199,26,-12.11,909.18,28.43,0.00,11:41:17,0.000000,0.000000,0.00,0,0.047,0.037,-0.860,-4.695,1.585,-3.354,5.984,1,SERVO:CLOSED,-9.54,45
2024-ASI-CANSAT-049,32203,27,-12.06,909.17,28.43,0.00,11:41:18,0.000000,0.000000,0.00,0,0.045,0.038,-0.862,-4.695,1.555,-3.293,5.942,1,SERVO:CLOSED,7.44,45
2024-ASI-CANSAT-049,33210,28,-12.15,909.18,28.44,0.00,11:41:19,0.000000,0.000000,0.00,0,0.048,0.036,-0.860,-4.726,1.585,-3.323,5.991,1,SERVO:CLOSED,8.43,45
2024-ASI-CANSAT-049,34214,29,-12.12,909.18,28.44,0.00,11:41:20,0.000000,0.000000,0.00,0,0.047,0.037,-0.862,-4.726,1.585,-3.323,5.991,1,SERVO:CLOSED,9.55,45
2024-ASI-CANSAT-049,35218,30,-12.08,909.17,28.45,0.00,11:41:21,0.000000,0.000000,0.00,0,0.047,0.036,-0.859,-4.695,1.585,-3.262,5.933,1,SERVO:CLOSED,4.08,45
2024-ASI-CANSAT-049,36228,31,-12.20,909.19,28.45,0.00,11:41:22,0.000000,0.000000,0.00,0,0.046,0.038,-0.863,-4.634,1.646,-3.354,5.953,1,SERVO:CLOSED,-9.99,45
2024-ASI-CANSAT-049,37229,32,-12.13,909.18,28.45,0.00,11:41:23,0.000000,0.000000,0.00,0,0.046,0.038,-0.862,-4.665,1.616,-3.323,5.951,1,SERVO:CLOSED,-9.60,45
2024-ASI-CANSAT-049,38233,33,-12.21,909.19,28.46,0.00,11:41:24,0.000000,0.000000,0.00,0,0.046,0.039,-0.857,-4.695,1.616,-3.293,5.958,1,SERVO:CLOSED,-3.76,45
2024-ASI-CANSAT-049,39236,34,-12.13,909.18,28.47,0.00,11:41:25,13.081710,77.525345,860.47,6,0.046,0.037,-0.859,-4.665,1.524,-3.293,5.910,2,SERVO:CLOSED,5.78,4
2024-ASI-CANSAT-049,40243,35,-12.19,909.18,28.49,0.00,11:41:26,13.081740,77.525398,874.96,6,0.047,0.038,-0.860,-4.665,1.585,-3.323,5.943,2,SERVO:CLOSED,5.00,4
2024-ASI-CANSAT-049,41243,36,-12.08,909.17,28.49,0.00,11:41:27,13.081744,77.525398,877.86,6,0.043,0.037,-0.860,-4.726,1.555,-3.323,5.983,2,SERVO:CLOSED,3.76,4
2024-ASI-CANSAT-049,42246,37,-12.04,909.17,28.50,0.00,11:41:28,13.081751,77.525406,880.23,6,0.047,0.036,-0.860,-4.695,1.555,-3.293,5.942,2,SERVO:CLOSED,-4.90,4
2024-ASI-CANSAT-049,43255,38,-12.22,909.19,28.50,0.00,11:41:29,13.081751,77.525406,882.45,6,0.046,0.037,-0.862,-4.695,1.555,-3.293,5.942,2,SERVO:CLOSED,-9.78,4
2024-ASI-CANSAT-049,44263,39,-12.12,909.18,28.52,0.00,11:41:30,13.081750,77.525406,884.14,6,0.047,0.038,-0.860,-4.665,1.555,-3.293,5.918,2,SERVO:CLOSED,3.81,4
2024-ASI-CANSAT-049,45266,40,-12.07,909.17,28.52,0.00,11:41:31,13.081749,77.525406,885.74,6,0.046,0.037,-0.860,-4.695,1.555,-3.323,5.959,2,SERVO:CLOSED,4.61,4
2024-ASI-CANSAT-049,46266,41,-12.10,909.17,28.53,0.00,11:41:32,13.081750,77.525414,887.09,6,0.048,0.038,-0.858,-4.665,1.555,-3.354,5.952,2,SERVO:CLOSED,9.81,4
2024-ASI-CANSAT-049,47270,42,-12.01,909.16,28.53,0.00,11:41:33,13.081750,77.525414,888.14,6,0.047,0.037,-0.861,-4.665,1.524,-3.293,5.910,2,SERVO:CLOSED,7.11,4
2024-ASI-CANSAT-049,48275,43,-12.09,909.17,28.54,0.00,11:41:34,13.081751,77.525414,889.39,6,0.046,0.037,-0.861,-4.695,1.555,-3.323,5.959,2,SERVO:CLOSED,-9.35,4
2024-ASI-CANSAT-049,49281,44,-12.18,909.18,28.53,0.00,11:41:35,13.081752,77.525414,890.00,6,0.046,0.038,-0.863,-4.695,1.463,-3.384,5.970,2,SERVO:CLOSED,-9.90,4
2024-ASI-CANSAT-049,50286,45,-12.12,909.18,28.54,0.00,11:41:36,13.081754,77.525414,890.90,6,0.046,0.038,-0.860,-4.665,1.524,-3.323,5.927,2,SERVO:CLOSED,-7.40,4
2024-ASI-CANSAT-049,51288,46,-12.14,909.18,28.54,0.00,11:41:37,13.081756,77.525414,891.65,6,0.046,0.038,-0.862,-4.695,1.524,-3.293,5.934,2,SERVO:CLOSED,1.21,4
2024-ASI-CANSAT-049,52294,47,-12.14,909.18,28.53,0.00,11:41:38,13.081756,77.525414,892.16,6,0.047,0.035,-0.860,-4.726,1.616,-3.323,5.999,2,SERVO:CLOSED,9.03,4
2024-ASI-CANSAT-049,53303,48,-12.17,909.18,28.53,0.00,11:41:39,13.081757,77.525414,892.21,6,0.046,0.037,-0.859,-4.665,1.555,-3.293,5.918,2,SERVO:CLOSED,0.03,4
2024-ASI-CANSAT-049,54309,49,-12.17,909.18,28.53,0.00,11:41:40,13.081757,77.525414,892.29,6,0.046,0.038,-0.860,-4.726,1.585,-3.384,6.025,2,SERVO:CLOSED,-0.85,4
2024-ASI-CANSAT-049,55317,50,-12.12,909.18,28.54,0.00,11:41:41,13.081757,77.525406,892.50,6,0.048,0.037,-0.860,-4.726,1.555,-3.293,5.966,2,SERVO:CLOSED,-8.32,4
2024-ASI-CANSAT-049,56319,51,-12.09,909.17,28.54,0.00,11:41:42,13.081758,77.525414,893.34,6,0.048,0.038,-0.857,-4.756,1.585,-3.323,6.015,2,SERVO:CLOSED,-9.14,4
2024-ASI-CANSAT-049,57326,52,-12.06,909.17,28.55,0.00,11:41:43,13.081758,77.525414,893.68,6,0.048,0.038,-0.859,-4.695,1.585,-3.323,5.967,2,SERVO:CLOSED,7.61,4
2024-ASI-CANSAT-049,58328,53,-12.14,909.18,28.56,0.00,11:41:44,13.081758,77.525414,893.99,6,0.046,0.039,-0.860,-4.634,1.555,-3.323,5.911,2,SERVO:CLOSED,8.15,4
2024-ASI-CANSAT-049,59332,54,-12.17,909.18,28.56,0.00,11:41:45,13.081758,77.525406,894.18,6,0.046,0.038,-0.860,-4.665,1.585,-3.384,5.977,2,SERVO:CLOSED,9.61,4
2024-ASI-CANSAT-049,60337,55,-12.16,909.18,28.57,0.00,11:41:46,13.081758,77.525414,894.52,6,0.045,0.036,-0.860,-4.695,1.555,-3.262,5.925,2,SERVO:CLOSED,3.53,4
2024-ASI-CANSAT-049,61344,56,-12.14,909.18,28.56,0.00,11:41:47,13.081758,77.525406,894.52,6,0.048,0.038,-0.864,-4.665,1.555,-3.323,5.935,2,SERVO:CLOSED,-7.65,4
2024-ASI-CANSAT-049,62350,57,-12.15,909.18,28.56,0.00,11:41:48,13.081758,77.525406,894.74,6,0.048,0.039,-0.859,-4.634,1.616,-3.293,5.910,2,SERVO:CLOSED,-9.75,4
2024-ASI-CANSAT-049,63366,58,-12.15,909.18,28.56,0.00,11:41:49,13.081758,77.525406,895.41,6,0.044,0.037,-0.857,-4.665,1.555,-3.171,5.851,2,SERVO:CLOSED,6.37,4
2024-ASI-CANSAT-049,64360,59,-12.21,909.19,28.55,0.00,11:41:50,13.081758,77.525406,895.88,6,0.051,0.041,-0.859,-4.695,1.585,-3.323,5.967,2,SERVO:CLOSED,7.02,4
2024-ASI-CANSAT-049,65365,60,-12.13,909.18,28.56,0.00,11:41:51,13.081759,77.525398,896.01,6,0.046,0.038,-0.861,-4.665,1.555,-3.293,5.918,2,SERVO:CLOSED,9.94,4
2024-ASI-CANSAT-049,66368,61,-12.13,909.18,28.54,0.00,11:41:52,13.081759,77.525398,896.04,6,0.058,0.063,-0.860,-4.970,1.677,-3.232,6.160,2,SERVO:CLOSED,4.95,4
2024-ASI-CANSAT-049,67369,62,-11.99,909.16,28.52,0.00,11:41:53,13.081759,77.525398,896.27,6,0.045,0.036,-0.860,-4.665,1.555,-3.293,5.918,2,SERVO:CLOSED,-9.97,4
2024-ASI-CANSAT-049,68374,63,-11.97,909.16,28.51,0.00,11:41:54,13.081760,77.525398,896.44,6,0.046,0.037,-0.858,-4.695,1.646,-3.323,5.983,2,SERVO:CLOSED,-10.00,4
2024-ASI-CANSAT-049,69382,64,-12.10,909.18,28.51,0.00,11:41:55,13.081782,77.525497,905.78,7,0.048,0.037,-0.860,-4.726,1.585,-3.293,5.974,2,SERVO:CLOSED,-6.13,4
2024-ASI-CANSAT-049,70384,65,-12.08,909.17,28.50,0.00,11:41:56,13.081790,77.525536,909.59,7,0.047,0.037,-0.860,-4.695,1.616,-3.323,5.975,2,SERVO:CLOSED,3.39,4
2024-ASI-CANSAT-049,71385,66,-12.22,909.19,28.49,0.00,11:41:57,13.081793,77.525551,911.58,7,0.046,0.036,-0.858,-4.695,1.524,-3.354,5.968,2,SERVO:CLOSED,7.05,4
2024-ASI-CANSAT-049,72385,67,-12.17,909.18,28.49,0.00,11:41:58,13.081794,77.525558,912.85,7,0.046,0.038,-0.862,-4.726,1.555,-3.293,5.966,2,SERVO:CLOSED,6.40,4
2024-ASI-CANSAT-049,73391,68,-12.11,909.18,28.49,0.00,11:41:59,13.081796,77.525566,913.72,7,0.046,0.037,-0.860,-4.695,1.555,-3.232,5.908,2,SERVO:CLOSED,-1.99,4
2024-ASI-CANSAT-049,74395,69,-12.09,909.17,28.49,0.00,11:42:00,13.081797,77.525574,914.35,7,0.045,0.038,-0.862,-4.695,1.616,-3.293,5.958,2,SERVO:CLOSED,-8.98,4
2024-ASI-CANSAT-049,75398,70,-12.16,909.18,28.47,0.00,11:42:01,13.081799,77.525574,915.02,7,0.047,0.038,-0.859,-4.665,1.555,-3.293,5.918,2,SERVO:CLOSED,-0.62,4
2024-ASI-CANSAT-049,76404,71,-12.15,909.18,28.47,0.00,11:42:02,13.081800,77.525581,915.49,7,0.046,0.038,-0.860,-4.634,1.585,-3.262,5.885,2,SERVO:CLOSED,1.24,4
2024-ASI-CANSAT-049,77408,72,-12.20,909.19,28.47,0.00,11:42:03,13.081801,77.525581,915.97,7,0.046,0.036,-0.861,-4.695,1.585,-3.293,5.950,2,SERVO:CLOSED,8.82,4
2024-ASI-CANSAT-049,78418,73,-12.22,909.19,28.47,0.00,11:42:04,13.081803,77.525581,915.95,7,0.046,0.037,-0.861,-4.665,1.585,-3.262,5.909,2,SERVO:CLOSED,8.74,4
2024-ASI-CANSAT-049,79424,74,-12.16,909.18,28.46,0.00,11:42:05,13.081804,77.525581,916.26,7,0.048,0.038,-0.857,-4.665,1.555,-3.293,5.918,2,SERVO:CLOSED,-7.42,4
2024-ASI-CANSAT-049,80431,75,-12.13,909.18,28.46,0.00,11:42:06,13.081806,77.525589,916.57,7,0.047,0.038,-0.862,-4.726,1.646,-3.293,5.990,2,SERVO:CLOSED,-8.27,4
2024-ASI-CANSAT-049,81438,76,-12.19,909.19,28.46,0.00,11:42:07,13.081807,77.525589,916.85,7,0.047,0.037,-0.859,-4.695,1.585,-3.354,5.984,2,SERVO:CLOSED,-9.18,4
2024-ASI-CANSAT-049,82444,77,-12.19,909.18,28.46,0.00,11:42:08,13.081809,77.525589,917.11,7,0.047,0.037,-0.861,-4.665,1.555,-3.323,5.935,2,SERVO:CLOSED,-1.58,4
2024-ASI-CANSAT-049,83452,78,-12.20,909.19,28.47,0.00,11:42:09,13.081811,77.525589,917.27,7,-0.053,-0.147,-0.896,-8.232,3.201,0.610,8.853,2,SERVO:CLOSED,9.58,4
2024-ASI-CANSAT-049,84460,79,-12.26,909.19,28.47,0.00,11:42:10,13.081812,77.525589,917.54,7,0.042,0.027,-0.860,-4.146,1.372,-4.299,6.128,2,SERVO:CLOSED,9.29,4
2024-ASI-CANSAT-049,85464,80,-12.32,909.20,28.48,0.00,11:42:11,13.081813,77.525581,917.61,7,0.190,0.005,-0.832,-26.250,-22.652,-56.280,66.104,2,SERVO:CLOSED,3.76,4
2024-ASI-CANSAT-049,86465,81,-12.30,909.20,28.48,0.00,11:42:12,13.081814,77.525581,917.66,7,0.040,0.016,-0.860,-13.445,5.457,-3.293,14.879,2,SERVO:CLOSED,-6.55,4
2024-ASI-CANSAT-049,87469,82,-12.16,909.18,28.48,0.00,11:42:13,13.081815,77.525581,917.76,7,0.062,0.056,-0.858,-4.634,1.616,-3.293,5.910,2,SERVO:CLOSED,-5.28,4
2024-ASI-CANSAT-049,88472,83,-12.16,909.18,28.48,0.00,11:42:14,13.081815,77.525581,917.82,7,0.037,-0.004,-0.861,-0.854,-0.122,-3.018,3.139,2,SERVO:CLOSED,-3.84,4
2024-ASI-CANSAT-049,89473,84,-12.23,909.19,28.50,0.00,11:42:15,13.081815,77.525581,917.77,7,0.051,0.029,-0.861,-4.024,1.250,-3.476,5.462,2,SERVO:CLOSED,5.74,4
2024-ASI-CANSAT-049,90477,85,-12.36,909.20,28.52,0.00,11:42:16,13.081815,77.525581,917.79,7,0.091,0.155,-0.861,-9.604,3.720,-2.927,10.707,2,SERVO:CLOSED,10.00,4
2024-ASI-CANSAT-049,91487,86,-12.32,909.20,28.55,0.00,11:42:17,13.081815,77.525581,917.78,7,0.062,0.054,-0.859,-4.634,1.555,-3.354,5.928,2,SERVO:CLOSED,-4.49,4
2024-ASI-CANSAT-049,92492,87,-12.30,909.20,28.55,0.00,11:42:18,13.081815,77.525581,917.78,7,0.059,0.053,-0.858,-4.726,1.555,-3.323,5.983,2,SERVO:CLOSED,-5.25,4
2024-ASI-CANSAT-049,93494,88,-12.27,909.19,28.56,0.00,11:42:19,13.081814,77.525581,917.78,9,0.061,0.055,-0.860,-4.695,1.585,-3.354,5.984,2,SERVO:CLOSED,-9.94,4
2024-ASI-CANSAT-049,94500,89,-12.20,909.19,28.56,0.00,11:42:20,13.081814,77.525581,917.78,9,0.061,0.053,-0.861,-4.695,1.616,-3.323,5.975,2,SERVO:CLOSED,-7.05,4
2024-ASI-CANSAT-049,95502,90,-12.31,909.20,28.58,0.00,11:42:21,13.081814,77.525581,917.84,9,0.059,0.054,-0.860,-4.695,1.585,-3.262,5.933,2,SERVO:CLOSED,9.41,4
2024-ASI-CANSAT-049,96507,91,-12.23,909.19,28.58,0.00,11:42:22,13.081815,77.525581,917.88,9,0.060,0.054,-0.860,-4.665,1.677,-3.323,5.968,2,SERVO:CLOSED,9.78,4
2024-ASI-CANSAT-049,97514,92,-12.09,909.17,28.58,0.00,11:42:23,13.081815,77.525589,917.88,9,0.059,0.055,-0.859,-4.695,1.524,-3.354,5.968,2,SERVO:CLOSED,8.01,4
2024-ASI-CANSAT-049,98518,93,-11.89,909.15,28.56,0.00,11:42:24,13.081815,77.525581,917.86,9,0.061,0.054,-0.860,-4.726,1.555,-3.384,6.017,2,SERVO:CLOSED,-2.19,4
2024-ASI-CANSAT-049,99522,94,-11.93,909.16,28.53,0.00,11:42:25,13.081815,77.525581,917.84,9,0.059,0.054,-0.861,-4.695,1.585,-3.262,5.933,2,SERVO:CLOSED,-7.88,4
2024-ASI-CANSAT-049,100529,95,-11.94,909.16,28.53,0.00,11:42:26,13.081816,77.525581,917.84,9,0.059,0.054,-0.861,-4.695,1.616,-3.262,5.941,2,SERVO:CLOSED,-7.31,4
2024-ASI-CANSAT-049,101537,96,-11.95,909.16,28.52,0.00,11:42:27,13.081816,77.525581,917.83,9,0.059,0.054,-0.859,-4.695,1.616,-3.384,6.009,2,SERVO:CLOSED,0.84,4
2024-ASI-CANSAT-049,102540,97,-11.97,909.16,28.51,0.00,11:42:28,13.081816,77.525581,917.84,9,0.059,0.053,-0.860,-4.604,1.524,-3.323,5.879,2,SERVO:CLOSED,8.87,4
2024-ASI-CANSAT-049,103540,98,-11.97,909.16,28.52,0.00,11:42:29,13.081817,77.525581,917.83,9,0.060,0.054,-0.861,-4.695,1.616,-3.323,5.975,2,SERVO:CLOSED,0.32,4
2024-ASI-CANSAT-049,104547,99,-11.96,909.16,28.52,0.00,11:42:30,13.081817,77.525581,917.83,9,0.060,0.053,-0.857,-4.665,1.616,-3.293,5.934,2,SERVO:CLOSED,-0.55,4
2024-ASI-CANSAT-049,105549,100,-11.94,909.16,28.53,0.00,11:42:31,13.081817,77.525581,917.83,10,-0.204,0.132,-0.793,-7.287,-13.018,64.207,65.918,2,SERVO:CLOSED,-8.04,4
2024-ASI-CANSAT-049,106557,101,-11.99,909.16,28.54,0.00,11:42:32,13.081817,77.525581,917.83,10,0.186,-0.161,-0.706,13.750,58.171,339.848,345.064,2,SERVO:CLOSED,-9.32,4
2024-ASI-CANSAT-049,107564,102,-12.05,909.17,28.54,0.00,11:42:33,13.081817,77.525581,917.83,10,-0.054,-0.259,-0.803,-17.835,-4.024,-0.579,18.293,2,SERVO:CLOSED,7.57,4
2024-ASI-CANSAT-049,108570,103,-12.06,909.17,28.54,0.00,11:42:34,13.081817,77.525581,917.83,10,0.390,-0.182,-0.743,-16.159,0.488,-24.238,29.134,2,SERVO:CLOSED,8.11,4
2024-ASI-CANSAT-049,5165,0,-11.92,909.17,28.00,0.00,,0.000000,0.000000,0.00,0,0.061,0.051,-0.858,-4.634,1.616,-3.384,5.961,0,SERVO:CLOSED,-8.14,45
2024-ASI-CANSAT-049,5952,1,-12.01,909.18,27.97,0.00,23:59:47,0.000000,0.000000,0.00,0,-0.213,-0.001,-0.863,-4.665,1.646,-3.354,5.976,0,SERVO:CLOSED,-1.68,45
2024-ASI-CANSAT-049,6955,2,-12.07,909.19,27.95,0.00,23:59:48,0.000000,0.000000,0.00,0,0.061,0.049,-0.861,-4.726,1.585,-3.354,6.008,0,SERVO:CLOSED,5.88,45
2024-ASI-CANSAT-049,7964,3,-0.19,910.54,28.54,0.00,23:59:49,0.000000,0.000000,0.00,0,-0.227,-0.012,-0.860,-4.665,1.616,-3.384,5.985,0,,45
2024-ASI-CANSAT-049,8962,4,-12.14,909.19,27.93,0.00,23:59:50,0.000000,0.000000,0.00,0,0.060,0.049,-0.862,-4.695,1.585,-3.384,6.001,0,SERVO:CLOSED,4.08,45
2024-ASI-CANSAT-049,9965,5,-12.03,909.18,27.92,0.00,23:59:51,0.000000,0.000000,0.00,0,-0.216,0.019,-0.859,-4.634,1.616,-3.323,5.927,0,SERVO:CLOSED,3.26,45
2024-ASI-CANSAT-049,10965,6,-12.04,909.18,27.92,0.00,23:59:52,0.000000,0.000000,0.00,0,0.060,0.050,-0.860,-4.665,1.616,-3.293,5.934,1,SERVO:CLOSED,-5.73,45
2024-ASI-CANSAT-049,11974,7,-11.94,909.17,27.92,0.00,23:59:53,0.000000,0.000000,0.00,0,-0.227,0.021,-0.859,-4.695,1.585,-3.323,5.967,1,SERVO:CLOSED,-9.97,45
2024-ASI-CANSAT-049,12981,8,-11.94,909.17,27.92,0.00,23:59:54,0.000000,0.000000,0.00,0,0.060,0.051,-0.858,-4.695,1.616,-3.354,5.992,1,SERVO:CLOSED,3.37,45
2024-ASI-CANSAT-049,13982,9,-11.96,909.17,27.91,0.00,23:59:55,0.000000,0.000000,0.00,0,-0.233,0.029,-0.862,-4.634,1.646,-3.293,5.918,1,SERVO:CLOSED,5.69,45
2024-ASI-CANSAT-049,14988,10,-11.92,909.17,27.92,0.00,23:59:55,0.000000,0.000000,0.00,0,0.062,0.051,-0.864,-4.665,1.646,-3.323,5.959,1,SERVO:CLOSED,9.95,45
2024-ASI-CANSAT-049,15997,11,-12.04,909.18,27.91,0.00,23:59:56,0.000000,0.000000,0.00,0,0.060,0.049,-0.861,-4.695,1.616,-3.384,6.009,1,SERVO:CLOSED,6.22,45
2024-ASI-CANSAT-049,17003,12,-12.17,909.20,27.90,0.00,11:44:32,0.000000,0.000000,0.00,0,0.060,0.049,-0.862,-4.695,1.585,-3.384,6.001,1,SERVO:CLOSED,-9.82,45
2024-ASI-CANSAT-049,18006,13,-12.12,909.19,27.90,0.00,11:44:33,0.000000,0.000000,0.00,0,0.062,0.051,-0.859,-4.695,1.555,-3.354,5.976,1,SERVO:CLOSED,-9.95,45
2024-ASI-CANSAT-049,19007,14,-12.16,909.19,27.90,0.00,11:44:34,0.000000,0.000000,0.00,0,0.060,0.051,-0.859,-4.665,1.616,-3.354,5.968,1,SERVO:CLOSED,-7.69,45
2024-ASI-CANSAT-049,20010,15,-12.22,909.20,27.90,0.00,11:44:36,0.000000,0.000000,0.00,0,0.062,0.050,-0.860,-4.665,1.646,-3.323,5.959,1,SERVO:CLOSED,1.21,45
2024-ASI-CANSAT-049,21011,16,-12.24,909.20,27.90,0.00,11:44:36,0.000000,0.000000,0.00,0,0.061,0.050,-0.860,-4.695,1.616,-3.323,5.975,1,SERVO:CLOSED,8.56,45
2024-ASI-CANSAT-049,22011,17,-12.19,909.20,27.90,0.00,11:44:37,0.000000,0.000000,0.00,0,0.061,0.051,-0.858,-4.726,1.616,-3.354,6.016,1,SERVO:CLOSED,7.44,45
2024-ASI-CANSAT-049,23021,18,-12.15,909.19,27.90,0.00,11:44:38,0.000000,0.000000,0.00,0,0.062,0.050,-0.859,-4.543,1.585,-3.476,5.935,1,SERVO:CLOSED,-1.06,45
2024-ASI-CANSAT-049,24022,19,-12.09,909.19,27.90,0.00,11:44:39,0.000000,0.000000,0.00,0,0.060,0.051,-0.861,-4.848,1.616,-3.415,6.146,1,SERVO:CLOSED,-8.92,45
2024-ASI-CANSAT-049,25023,20,-12.06,909.18,27.91,0.00,11:44:40,0.000000,0.000000,0.00,0,0.061,0.051,-0.862,-4.878,1.677,-3.232,6.087,1,SERVO:CLOSED,-1.43,45
2024-ASI-CANSAT-049,26025,21,-12.09,909.19,27.91,0.00,11:44:42,0.000000,0.000000,0.00,0,0.052,0.037,-0.862,-4.055,1.433,-3.354,5.454,1,SERVO:CLOSED,0.44,45
2024-ASI-CANSAT-049,27024,22,-12.11,909.19,27.92,0.00,11:44:42,0.000000,0.000000,0.00,0,0.042,0.005,-0.863,-13.018,5.091,-3.384,14.382,1,SERVO:CLOSED,7.50,45
2024-ASI-CANSAT-049,28034,23,-12.10,909.19,27.92,0.00,11:44:43,0.000000,0.000000,0.00,0,0.060,0.049,-0.860,-4.726,1.585,-3.354,6.008,1,SERVO:CLOSED,9.69,45
2024-ASI-CANSAT-049,29042,24,-12.13,909.19,27.93,0.00,11:44:44,0.000000,0.000000,0.00,0,0.067,0.062,-0.860,-0.945,0.030,-3.232,3.367,1,SERVO:CLOSED,-7.43,45
2024-ASI-CANSAT-049,30051,25,-12.03,909.18,27.94,0.00,11:44:45,0.000000,0.000000,0.00,0,0.034,-0.010,-0.864,-11.585,4.451,-2.988,12.766,1,SERVO:CLOSED,-8.14,45
2024-ASI-CANSAT-049,31060,26,-12.06,909.18,27.94,0.00,11:44:46,0.000000,0.000000,0.00,0,0.067,0.064,-0.861,-4.268,1.402,-3.994,6.011,1,SERVO:CLOSED,-9.67,45
2024-ASI-CANSAT-049,32063,27,-12.05,909.18,27.94,0.00,11:44:48,0.000000,0.000000,0.00,0,0.055,0.048,-0.862,-4.665,1.585,-3.110,5.826,1,SERVO:CLOSED,-3.01,45
2024-ASI-CANSAT-049,33067,28,-12.14,909.19,27.94,0.00,11:44:48,0.000000,0.000000,0.00,0,0.066,0.052,-0.859,-4.634,1.555,-3.354,5.928,1,SERVO:CLOSED,9.83,45
2024-ASI-CANSAT-049,34073,29,-12.18,909.20,27.94,0.00,11:44:49,0.000000,0.000000,0.00,0,0.065,0.055,-0.858,-5.000,1.677,-3.445,6.299,1,SERVO:CLOSED,9.63,45
2024-ASI-CANSAT-049,35079,30,-12.13,909.19,27.95,0.00,11:44:51,0.000000,0.000000,0.00,0,0.061,0.048,-0.861,-4.665,1.616,-3.232,5.900,1,SERVO:CLOSED,4.83,45
2024-ASI-CANSAT-049,36082,31,-12.22,909.20,27.95,0.00,11:44:52,0.000000,0.000000,0.00,0,0.060,0.051,-0.860,-4.665,1.585,-3.384,5.977,1,SERVO:CLOSED,-5.58,45
2024-ASI-CANSAT-049,37084,32,-12.20,909.20,27.95,0.00,11:44:53,0.000000,0.000000,0.00,0,0.061,0.051,-0.860,-4.695,1.585,-3.232,5.916,1,SERVO:CLOSED,-6.11,45
2024-ASI-CANSAT-049,38085,33,-12.18,909.20,27.95,0.00,11:44:54,0.000000,0.000000,0.00,0,0.059,0.046,-0.859,-4.665,1.585,-3.232,5.892,1,SERVO:CLOSED,-4.07,45
2024-ASI-CANSAT-049,39086,34,-12.18,909.20,27.95,0.00,11:44:55,0.000000,0.000000,0.00,0,0.061,0.051,-0.858,-4.756,1.646,-3.476,6.116,1,SERVO:CLOSED,4.63,45
2024-ASI-CANSAT-049,40090,35,-12.18,909.20,27.96,0.00,11:44:56,0.000000,0.000000,0.00,0,0.062,0.050,-0.861,-4.665,1.585,-3.384,5.977,1,SERVO:CLOSED,9.96,45
2024-ASI-CANSAT-049,41099,36,-12.04,909.18,27.97,0.00,11:44:57,0.000000,0.000000,0.00,0,0.059,0.050,-0.861,-4.695,1.616,-3.293,5.958,1,SERVO:CLOSED,-3.38,45
2024-ASI-CANSAT-049,42101,37,-12.12,909.19,27.97,0.00,11:44:58,0.000000,0.000000,0.00,0,0.062,0.052,-0.860,-4.634,1.585,-3.354,5.936,1,SERVO:CLOSED,-4.64,45
2024-ASI-CANSAT-049,43105,38,-12.14,909.19,27.97,0.00,11:44:59,0.000000,0.000000,0.00,0,0.061,0.050,-0.861,-4.665,1.585,-3.323,5.943,1,SERVO:CLOSED,-9.82,45
2024-ASI-CANSAT-049,44113,39,-12.16,909.20,27.98,0.00,11:45:00,0.000000,0.000000,0.00,0,0.061,0.052,-0.859,-4.665,1.585,-3.354,5.960,1,SERVO:CLOSED,-8.05,45
2024-ASI-CANSAT-049,45120,40,-12.16,909.20,27.99,0.00,11:45:01,0.000000,0.000000,0.00,0,0.061,0.051,-0.861,-4.695,1.555,-3.323,5.959,1,SERVO:CLOSED,8.74,45
2024-ASI-CANSAT-049,46123,41,-12.18,909.20,28.00,0.00,11:45:02,0.000000,0.000000,0.00,0,0.061,0.051,-0.859,-4.695,1.555,-3.323,5.959,1,SERVO:CLOSED,9.70,45
2024-ASI-CANSAT-049,47123,42,-12.21,909.20,28.00,0.00,11:45:03,0.000000,0.000000,0.00,0,0.061,0.051,-0.859,-4.634,1.585,-3.293,5.902,1,SERVO:CLOSED,8.11,45
2024-ASI-CANSAT-049,48130,43,-12.25,909.21,28.01,0.00,11:45:04,0.000000,0.000000,0.00,0,0.061,0.051,-0.861,-4.665,1.585,-3.262,5.909,1,SERVO:CLOSED,-0.50,45
2024-ASI-CANSAT-049,49132,44,-12.37,909.22,28.01,0.00,11:45:05,0.000000,0.000000,0.00,0,0.060,0.051,-0.861,-4.695,1.555,-3.323,5.959,1,SERVO:CLOSED,-9.31,45
2024-ASI-CANSAT-049,50138,45,-12.34,909.22,28.01,0.00,11:45:06,0.000000,0.000000,0.00,0,0.061,0.049,-0.860,-4.726,1.524,-3.293,5.958,1,SERVO:CLOSED,-8.19,45
2024-ASI-CANSAT-049,51145,46,-12.23,909.20,28.02,0.00,11:45:07,0.000000,0.000000,0.00,0,0.060,0.049,-0.858,-4.665,1.616,-3.323,5.951,1,SERVO:CLOSED,-0.58,45
2024-ASI-CANSAT-049,52152,47,-12.32,909.21,28.02,0.00,11:45:08,0.000000,0.000000,0.00,0,0.061,0.049,-0.860,-4.726,1.616,-3.323,5.999,1,SERVO:CLOSED,7.44,45
2024-ASI-CANSAT-049,53155,48,-12.31,909.21,28.02,0.00,11:45:09,0.000000,0.000000,0.00,0,0.062,0.051,-0.857,-4.665,1.524,-3.354,5.944,1,SERVO:CLOSED,1.49,45
2024-ASI-CANSAT-049,54160,49,-12.25,909.21,28.02,0.00,11:45:10,0.000000,0.000000,0.00,0,0.063,0.051,-0.859,-4.665,1.616,-3.354,5.968,1,SERVO:CLOSED,0.61,45
2024-ASI-CANSAT-049,55161,50,-12.27,909.21,28.03,0.00,11:45:10,0.000000,0.000000,0.00,0,0.060,0.051,-0.857,-4.665,1.555,-3.323,5.935,1,SERVO:CLOSED,-7.41,45
2024-ASI-CANSAT-049,56168,51,-12.30,909.21,28.03,0.00,11:45:11,13.081630,77.525497,941.08,6,0.062,0.051,-0.860,-4.726,1.616,-3.323,5.999,2,SERVO:CLOSED,-9.67,4
2024-ASI-CANSAT-049,57178,52,-12.35,909.22,28.03,0.00,11:45:13,13.081633,77.525497,941.11,6,0.059,0.052,-0.858,-4.695,1.616,-3.262,5.941,2,SERVO:CLOSED,-3.04,4
2024-ASI-CANSAT-049,58180,53,-12.35,909.22,28.04,0.00,11:45:14,13.081635,77.525513,944.19,6,0.062,0.051,-0.862,-4.695,1.555,-3.323,5.959,2,SERVO:CLOSED,7.13,4
2024-ASI-CANSAT-049,59215,54,-12.38,909.22,28.04,0.00,11:45:15,13.081635,77.525528,947.47,6,0.060,0.050,-0.859,-4.726,1.585,-3.293,5.974,2,SERVO:CLOSED,3.20,4
2024-ASI-CANSAT-049,60216,55,-12.42,909.22,28.05,0.00,11:45:16,13.081632,77.525528,950.06,6,0.062,0.051,-0.861,-4.726,1.616,-3.323,5.999,2,SERVO:CLOSED,2.35,4
2024-ASI-CANSAT-049,61216,56,-12.25,909.21,28.05,0.00,11:45:17,13.081629,77.525536,952.48,6,0.059,0.051,-0.860,-4.726,1.616,-3.323,5.999,2,SERVO:CLOSED,-6.14,4
2024-ASI-CANSAT-049,62223,57,-12.27,909.21,28.05,0.00,11:45:18,13.081621,77.525536,954.80,6,0.062,0.052,-0.862,-4.695,1.616,-3.293,5.958,2,SERVO:CLOSED,-9.99,4
2024-ASI-CANSAT-049,63227,58,-12.19,909.20,28.06,0.00,11:45:19,13.081614,77.525543,957.18,6,0.061,0.050,-0.861,-4.695,1.555,-3.323,5.959,2,SERVO:CLOSED,4.46,4
2024-ASI-CANSAT-049,64229,59,-12.22,909.20,28.06,0.00,11:45:20,13.081606,77.525543,959.19,6,0.062,0.051,-0.861,-4.695,1.616,-3.323,5.975,2,SERVO:CLOSED,5.22,4
2024-ASI-CANSAT-049,65235,60,-12.24,909.20,28.07,0.00,11:45:21,13.081602,77.525543,959.55,6,0.062,0.051,-0.860,-4.695,1.555,-3.293,5.942,2,SERVO:CLOSED,9.92,4
2024-ASI-CANSAT-049,66238,61,-12.30,909.21,28.07,0.00,11:45:22,13.081596,77.525543,960.89,6,0.061,0.052,-0.860,-4.665,1.585,-3.323,5.943,2,SERVO:CLOSED,6.02,4
2024-ASI-CANSAT-049,67247,62,-12.27,909.21,28.07,0.00,11:45:23,13.081592,77.525543,960.96,6,0.059,0.050,-0.863,-4.695,1.616,-3.323,5.975,2,SERVO:CLOSED,-9.78,4
2024-ASI-CANSAT-049,68256,63,-12.29,909.21,28.06,0.00,11:45:24,13.081591,77.525536,960.48,6,0.063,0.050,-0.861,-4.726,1.585,-3.323,5.991,2,SERVO:CLOSED,-9.93,4
2024-ASI-CANSAT-049,69260,64,-12.26,909.21,28.07,0.00,11:45:25,13.081632,77.525528,945.80,8,0.059,0.051,-0.860,-4.695,1.585,-3.262,5.933,2,SERVO:CLOSED,-7.66,4
2024-ASI-CANSAT-049,70262,65,-12.22,909.20,28.07,0.00,11:45:26,13.081649,77.525536,942.03,8,0.063,0.049,-0.862,-4.634,1.585,-3.384,5.953,2,SERVO:CLOSED,2.31,4
2024-ASI-CANSAT-049,71271,66,-12.26,909.21,28.08,0.00,11:45:27,13.081663,77.525536,938.63,8,0.060,0.051,-0.862,-4.726,1.555,-3.323,5.983,2,SERVO:CLOSED,7.81,4
2024-ASI-CANSAT-049,72272,67,-12.18,909.20,28.08,0.00,11:45:28,13.081672,77.525536,936.39,8,0.059,0.049,-0.861,-4.695,1.585,-3.323,5.967,2,SERVO:CLOSED,7.23,4
2024-ASI-CANSAT-049,73275,68,-12.17,909.20,28.09,0.00,11:45:29,13.081679,77.525543,934.46,8,0.062,0.050,-0.861,-4.726,1.585,-3.262,5.957,2,SERVO:CLOSED,-0.90,4
2024-ASI-CANSAT-049,74276,69,-12.12,909.19,28.09,0.00,11:45:30,13.081684,77.525543,932.18,8,0.062,0.050,-0.858,-4.665,1.585,-3.323,5.943,2,SERVO:CLOSED,-8.87,4
2024-ASI-CANSAT-049,75276,70,-12.14,909.19,28.10,0.00,11:45:31,13.081688,77.525543,930.59,8,0.061,0.051,-0.859,-4.695,1.585,-3.293,5.950,2,SERVO:CLOSED,-1.70,4
2024-ASI-CANSAT-049,76278,71,-12.12,909.19,28.10,0.00,11:45:32,13.081689,77.525543,929.27,8,0.061,0.051,-0.860,-4.726,1.555,-3.323,5.983,2,SERVO:CLOSED,-0.34,4
2024-ASI-CANSAT-049,77281,72,-12.12,909.19,28.11,0.00,11:45:33,13.081690,77.525543,928.29,8,0.061,0.050,-0.865,-4.695,1.616,-3.354,5.992,2,SERVO:CLOSED,7.30,4
2024-ASI-CANSAT-049,78287,73,-12.18,909.20,28.11,0.00,11:45:34,13.081694,77.525543,927.74,8,0.058,0.051,-0.859,-4.756,1.616,-3.293,6.006,2,SERVO:CLOSED,9.69,4
2024-ASI-CANSAT-049,79296,74,-12.16,909.20,28.10,0.00,11:45:35,13.081696,77.525551,927.21,8,0.060,0.051,-0.862,-4.756,1.585,-3.384,6.049,2,SERVO:CLOSED,-7.42,4
2024-ASI-CANSAT-049,80306,75,-12.14,909.19,28.10,0.00,11:45:36,13.081700,77.525551,925.81,8,0.061,0.050,-0.855,-4.695,1.585,-3.354,5.984,2,SERVO:CLOSED,-7.98,4
2024-ASI-CANSAT-049,81307,76,-12.04,909.18,28.11,0.00,11:45:37,13.081704,77.525551,924.70,8,0.061,0.049,-0.857,-4.695,1.616,-3.323,5.975,2,SERVO:CLOSED,-9.88,4
2024-ASI-CANSAT-049,82313,77,-12.08,909.19,28.11,0.00,11:45:38,13.081706,77.525551,923.90,8,0.061,0.048,-0.861,-4.726,1.555,-3.354,6.000,2,SERVO:CLOSED,-3.98,4
2024-ASI-CANSAT-049,83315,78,-12.08,909.19,28.11,0.00,11:45:39,13.081707,77.525551,923.66,8,0.062,0.051,-0.860,-4.726,1.555,-3.323,5.983,2,SERVO:CLOSED,10.00,4
2024-ASI-CANSAT-049,84322,79,-12.03,909.18,28.11,0.00,11:45:40,13.081707,77.525551,923.43,8,0.062,0.051,-0.860,-4.695,1.585,-3.262,5.933,2,SERVO:CLOSED,9.77,4
2024-ASI-CANSAT-049,85324,80,-12.04,909.18,28.12,0.00,11:45:41,13.081705,77.525551,923.30,8,0.063,0.052,-0.860,-4.695,1.555,-3.354,5.976,2,SERVO:CLOSED,3.92,4
2024-ASI-CANSAT-049,86329,81,-12.09,909.19,28.12,0.00,11:45:42,13.081706,77.525551,922.86,8,0.059,0.050,-0.859,-4.695,1.555,-3.323,5.959,2,SERVO:CLOSED,-5.61,4
2024-ASI-CANSAT-049,87338,82,-12.10,909.19,28.13,0.00,11:45:43,13.081708,77.525551,922.32,8,0.061,0.050,-0.859,-4.695,1.585,-3.354,5.984,2,SERVO:CLOSED,-5.07,4
2024-ASI-CANSAT-049,88339,83,-12.12,909.19,28.13,0.00,11:45:44,13.081710,77.525551,921.73,8,0.061,0.052,-0.858,-4.787,1.616,-3.293,6.030,2,SERVO:CLOSED,-4.30,4
2024-ASI-CANSAT-049,89344,84,-12.09,909.19,28.14,0.00,11:45:45,13.081711,77.525551,921.42,9,0.063,0.049,-0.861,-4.695,1.616,-3.354,5.992,2,SERVO:CLOSED,3.26,4
2024-ASI-CANSAT-049,90350,85,-12.16,909.20,28.15,0.00,11:45:46,13.081711,77.525551,921.38,9,0.060,0.051,-0.861,-4.695,1.585,-3.323,5.967,2,SERVO:CLOSED,9.91,4
2024-ASI-CANSAT-049,91355,86,-12.15,909.19,28.15,0.00,11:45:47,13.081712,77.525551,921.18,9,0.060,0.051,-0.860,-4.695,1.555,-3.293,5.942,2,SERVO:CLOSED,-2.98,4
2024-ASI-CANSAT-049,92362,87,-12.11,909.19,28.15,0.00,11:45:48,13.081713,77.525551,921.07,9,0.063,0.049,-0.859,-4.726,1.616,-3.293,5.982,2,SERVO:CLOSED,-3.80,4
2024-ASI-CANSAT-049,93362,88,-12.21,909.20,28.17,0.00,11:45:49,13.081713,77.525558,921.19,10,0.061,0.051,-0.861,-4.695,1.585,-3.323,5.967,2,SERVO:CLOSED,-9.29,4
2024-ASI-CANSAT-049,94370,89,-12.28,909.21,28.16,0.00,11:45:50,13.081714,77.525558,921.21,10,0.059,0.051,-0.863,-4.726,1.616,-3.354,6.016,2,SERVO:CLOSED,-7.13,4
2024-ASI-CANSAT-049,95375,90,-12.23,909.20,28.17,0.00,11:45:51,13.081715,77.525558,921.03,10,0.035,-0.024,-0.861,-9.543,3.659,-4.817,11.298,2,SERVO:CLOSED,9.42,4
2024-ASI-CANSAT-049,96376,91,-12.28,909.21,28.17,0.00,11:45:52,13.081716,77.525558,920.69,10,-0.097,0.260,-0.836,1.738,-12.470,45.335,47.051,2,SERVO:CLOSED,9.68,4
2024-ASI-CANSAT-049,97378,92,-12.25,909.21,28.19,0.00,11:45:53,13.081714,77.525558,920.68,10,-0.060,0.112,-0.839,4.482,-13.201,78.933,80.155,2,SERVO:CLOSED,7.95,4
2024-ASI-CANSAT-049,98380,93,-12.14,909.19,28.19,0.00,11:45:54,13.081710,77.525551,920.84,10,-0.300,-0.001,-0.938,36.402,2.226,-33.262,49.361,2,SERVO:CLOSED,-0.91,4
2024-ASI-CANSAT-049,99380,94,-12.16,909.20,28.20,0.00,11:45:55,13.081708,77.525551,920.92,10,-0.010,-0.049,-1.055,-7.165,35.488,47.713,59.894,2,SERVO:CLOSED,-9.33,4
2024-ASI-CANSAT-049,100387,95,-12.22,909.20,28.21,0.00,11:45:56,13.081707,77.525551,920.90,10,-0.208,0.016,-0.738,26.585,-63.171,46.006,82.546,2,SERVO:CLOSED,-8.37,4
2024-ASI-CANSAT-049,101391,96,-12.22,909.20,28.22,0.00,11:45:57,13.081710,77.525551,920.87,10,-0.383,0.102,-1.044,-7.287,-56.463,-13.750,58.569,2,SERVO:CLOSED,-1.56,4
2024-ASI-CANSAT-049,102395,97,-12.31,909.21,28.23,0.00,11:45:58,13.081708,77.525551,920.59,10,-0.102,-0.086,-0.792,-23.659,3.537,0.152,23.922,2,SERVO:CLOSED,7.18,4
2024-ASI-CANSAT-049,103401,98,-12.35,909.22,28.24,0.00,11:45:59,13.081706,77.525551,920.07,10,-0.049,-0.021,-0.840,-9.146,-4.848,1.890,10.523,2,SERVO:CLOSED,2.00,4
2024-ASI-CANSAT-049,104403,99,-12.32,909.21,28.24,0.00,11:46:00,13.081703,77.525551,919.96,10,-0.189,0.047,-0.721,-20.152,4.695,54.024,57.852,2,SERVO:CLOSED,1.14,4
2024-ASI-CANSAT-049,105411,100,-12.27,909.21,28.27,0.00,11:46:01,13.081700,77.525543,920.07,10,-0.033,-0.061,-0.913,-5.793,6.006,17.104,19.031,2,SERVO:CLOSED,-7.18,4
2024-ASI-CANSAT-049,106419,101,-12.37,909.22,28.27,0.00,11:46:02,13.081698,77.525543,920.16,10,-0.162,-0.087,-0.728,-14.421,-44.085,3.689,46.530,2,SERVO:CLOSED,-9.91,4
2024-ASI-CANSAT-049,107425,102,-12.36,909.22,28.27,0.00,11:46:03,13.081698,77.525536,920.04,10,-0.168,-0.187,-0.807,-1.372,2.409,-58.445,58.511,2,SERVO:CLOSED,5.55,4
2024-ASI-CANSAT-049,108434,103,-12.40,909.22,28.27,0.00,11:46:04,13.081698,77.525528,920.21,10,-0.285,-0.091,-1.016,-22.378,-7.713,-119.695,122.013,2,SERVO:CLOSED,7.00,4
2024-ASI-CANSAT-049,109432,104,-12.45,909.23,28.27,0.00,11:46:05,13.081698,77.525520,920.17,10,-0.254,0.010,-0.754,-27.835,-2.652,84.604,89.105,2,SERVO:CLOSED,9.85,4
2024-ASI-CANSAT-049,110437,105,-12.37,909.22,28.28,0.00,11:46:06,13.081696,77.525520,920.15,10,0.094,0.197,-0.980,-0.457,18.262,16.098,24.348,2,SERVO:CLOSED,4.49,4
2024-ASI-CANSAT-049,111446,106,-12.30,909.21,28.29,0.00,11:46:07,13.081693,77.525513,920.17,10,-0.183,-0.055,-0.761,-36.951,14.756,25.915,47.484,2,SERVO:CLOSED,-9.93,4
2024-ASI-CANSAT-049,112455,107,-12.26,909.21,28.30,0.00,11:46:08,13.081691,77.525513,920.24,10,0.021,-0.015,-0.675,11.067,-22.409,28.293,37.750,2,SERVO:CLOSED,-9.97,4
2024-ASI-CANSAT-049,113458,108,-12.31,909.21,28.30,0.00,11:46:09,13.081687,77.525513,920.32,10,0.020,0.262,-0.539,52.470,26.768,56.951,81.933,2,SERVO:CLOSED,-5.02,4
2024-ASI-CANSAT-049,114460,109,-12.30,909.21,28.30,0.00,11:46:10,13.081684,77.525505,920.36,10,-0.206,0.103,-0.690,17.165,-18.293,48.811,54.879,2,SERVO:CLOSED,3.09,4
2024-ASI-CANSAT-049,115466,110,-12.93,909.28,28.31,0.00,11:46:11,13.081683,77.525505,920.40,10,-0.154,-0.066,-0.343,-81.006,-37.409,69.177,112.902,2,SERVO:CLOSED,6.11,4
2024-ASI-CANSAT-049,116469,111,-13.14,909.30,28.31,0.00,11:46:12,13.081683,77.525505,920.27,10,-0.268,-0.072,-0.454,-2.774,26.799,58.933,64.799,2,SERVO:CLOSED,5.40,4
2024-ASI-CANSAT-049,117468,112,-13.31,909.32,28.32,0.00,11:46:13,13.081682,77.525505,920.25,10,-0.323,0.083,-0.239,44.817,25.579,2.256,51.652,2,SERVO:CLOSED,-3.24,4
2024-ASI-CANSAT-049,118472,113,-13.77,909.37,28.32,0.00,11:46:14,13.081680,77.525505,920.26,10,-0.244,0.053,-0.842,-44.543,3.384,145.579,152.279,2,SERVO:CLOSED,-9.44,4
2024-ASI-CANSAT-049,119477,114,-14.58,909.46,28.31,0.00,11:46:15,13.081680,77.525505,920.27,10,0.194,-0.034,-0.892,-17.378,-26.921,-11.311,33.980,2,SERVO:CLOSED,0.71,4
2024-ASI-CANSAT-049,120485,115,-14.66,909.47,28.31,0.00,11:46:16,13.081681,77.525505,920.27,9,0.204,0.070,-0.880,-7.256,0.457,-45.640,46.216,2,SERVO:CLOSED,2.57,4
2024-ASI-CANSAT-049,121491,116,-14.85,909.49,28.31,0.00,11:46:17,13.081681,77.525505,920.27,9,-0.257,0.134,-0.809,-26.067,-10.427,-1.280,28.104,2,SERVO:CLOSED,8.79,4
2024-ASI-CANSAT-049,122492,117,-15.26,909.54,28.30,0.00,11:46:18,13.081680,77.525505,920.29,9,-0.299,0.026,-0.855,8.110,11.768,-3.079,14.620,2,SERVO:CLOSED,8.74,4
2024-ASI-CANSAT-049,123498,118,-15.43,909.56,28.30,0.00,11:46:19,13.081680,77.525505,920.28,9,-0.206,0.004,-0.832,-5.274,-0.091,0.945,5.359,2,SERVO:CLOSED,-8.12,4
2024-ASI-CANSAT-049,124506,119,-15.46,909.56,28.31,0.00,11:46:20,13.081679,77.525505,920.29,9,-0.264,-0.042,-0.812,-9.299,1.128,2.256,9.635,2,SERVO:CLOSED,-9.06,4
2024-ASI-CANSAT-049,125511,120,-15.61,909.57,28.31,0.00,11:46:21,13.081678,77.525505,920.29,9,-0.249,-0.016,-0.829,-15.945,11.494,2.835,19.859,2,SERVO:CLOSED,-9.32,4
2024-ASI-CANSAT-049,126519,121,-15.56,909.57,28.30,0.00,11:46:22,13.081677,77.525505,920.29,9,-0.043,0.026,-0.760,-6.616,10.091,6.189,13.561,2,SERVO:CLOSED,-1.92,4
2024-ASI-CANSAT-049,127519,122,-15.52,909.57,28.31,0.00,11:46:23,13.081676,77.525505,920.29,9,-0.103,-0.082,-0.785,-16.189,6.829,-113.628,114.979,2,SERVO:CLOSED,9.73,4
2024-ASI-CANSAT-049,128520,123,-15.53,909.57,28.31,0.00,11:46:24,13.081676,77.525505,920.28,9,0.017,0.060,-0.867,5.945,11.951,-85.091,86.132,2,SERVO:CLOSED,9.02,4
2024-ASI-CANSAT-049,129529,124,-15.46,909.56,28.32,0.00,11:46:25,13.081676,77.525505,920.28,9,-0.162,-0.000,-0.910,26.616,33.018,23.841,48.652,2,SERVO:CLOSED,3.30,4
2024-ASI-CANSAT-049,130536,125,-15.35,909.55,28.32,0.00,11:46:26,13.081675,77.525505,920.29,8,0.052,-0.086,-0.741,6.555,-24.970,0.732,25.826,2,SERVO:CLOSED,-6.18,4
2024-ASI-CANSAT-049,131545,126,-15.40,909.55,28.31,0.00,11:46:27,13.081677,77.525505,920.29,8,-0.069,0.055,-0.698,0.122,-14.512,-21.250,25.733,2,SERVO:CLOSED,-4.43,4
2024-ASI-CANSAT-049,132556,127,-15.32,909.54,28.30,0.00,11:46:28,13.081676,77.525505,920.29,8,-0.287,0.076,-0.866,-33.140,2.683,6.799,33.937,2,SERVO:CLOSED,-2.20,4
2024-ASI-CANSAT-049,133558,128,-15.43,909.55,28.31,0.00,11:46:29,13.081680,77.525505,920.29,8,-0.380,0.258,-0.696,-13.262,23.262,-18.110,32.326,2,SERVO:CLOSED,6.40,4
2024-ASI-CANSAT-049,134560,129,-15.46,909.56,28.30,0.00,11:46:30,13.081684,77.525513,920.28,8,0.179,0.294,-0.754,-3.445,-3.171,83.171,83.302,2,SERVO:CLOSED,9.90,4
2024-ASI-CANSAT-049,135566,130,-15.59,909.57,28.31,0.00,11:46:31,13.081690,77.525513,920.27,8,0.201,0.369,-0.894,-14.421,-16.707,-46.494,51.466,2,SERVO:CLOSED,-4.26,4
2024-ASI-CANSAT-049,136569,131,-15.61,909.58,28.31,0.00,11:46:32,13.081694,77.525513,920.26,8,-0.186,0.186,-0.794,-1.707,-21.799,-51.860,56.281,2,SERVO:CLOSED,-5.87,4
2024-ASI-CANSAT-049,137573,132,-15.67,909.58,28.31,0.00,11:46:33,13.081695,77.525513,920.26,8,-0.266,-0.172,-0.831,-42.470,9.817,-151.189,157.347,2,SERVO:CLOSED,-10.00,4
2024-ASI-CANSAT-049,138581,133,-15.55,909.57,28.31,0.00,11:46:34,13.081696,77.525513,920.25,8,-0.221,0.217,-0.730,-11.220,77.409,335.884,344.871,2,SERVO:CLOSED,-6.27,4
2024-ASI-CANSAT-049,139585,134,-15.43,909.56,28.32,0.00,11:46:35,13.081696,77.525513,920.26,8,0.038,0.292,-0.814,-3.476,3.445,-10.152,11.270,2,SERVO:CLOSED,9.96,4
2024-ASI-CANSAT-049,140588,135,-15.38,909.55,28.32,0.00,11:46:36,13.081694,77.525513,920.26,8,-0.232,0.040,-0.822,-10.457,5.976,5.213,13.124,2,SERVO:CLOSED,10.00,4
2024-ASI-CANSAT-049,141590,136,-15.44,909.56,28.32,0.00,11:46:37,13.081693,77.525513,920.27,8,-0.161,-0.499,-0.467,-62.226,28.293,72.927,99.954,2,SERVO:CLOSED,6.16,4
2024-ASI-CANSAT-049,142599,137,-15.50,909.56,28.33,0.00,11:46:38,13.081692,77.525513,920.27,8,-0.330,0.171,-0.932,93.049,0.579,-49.848,105.561,2,SERVO:CLOSED,-1.71,4
2024-ASI-CANSAT-049,143605,138,-15.58,909.57,28.32,0.00,11:46:39,13.081688,77.525513,920.27,8,-0.216,0.162,-0.775,-5.061,-3.445,43.720,44.146,2,SERVO:CLOSED,-7.41,4
2024-ASI-CANSAT-049,144605,139,-15.72,909.59,28.32,0.00,11:46:40,13.081683,77.525513,920.28,8,-0.344,0.176,-0.951,-44.543,22.043,42.774,65.571,2,SERVO:CLOSED,-6.80,4
2024-ASI-CANSAT-049,145608,140,-15.84,909.60,28.34,0.00,11:46:41,13.081682,77.525513,920.28,8,-0.211,0.129,-0.867,-22.470,17.195,-21.220,35.367,2,SERVO:CLOSED,1.68,4
2024-ASI-CANSAT-049,146610,141,-15.79,909.60,28.34,0.00,11:46:42,13.081681,77.525513,920.28,8,0.061,0.041,-0.861,-4.573,1.555,-3.384,5.898,2,SERVO:CLOSED,9.26,4
2024-ASI-CANSAT-049,147618,142,-15.68,909.58,28.34,0.00,11:46:43,13.081679,77.525513,920.28,8,0.063,0.039,-0.862,-4.756,1.555,-3.323,6.007,2,SERVO:CLOSED,-0.77,4
2024-ASI-CANSAT-049,148624,143,-15.67,909.58,28.34,0.00,11:46:44,13.081678,77.525505,920.29,8,0.062,0.039,-0.859,-4.695,1.616,-3.262,5.941,2,SERVO:CLOSED,-1.63,4
2024-ASI-CANSAT-049,149626,144,-15.71,909.59,28.34,0.00,11:46:45,13.081678,77.525505,920.28,8,0.064,0.039,-0.864,-4.726,1.555,-3.323,5.983,2,SERVO:CLOSED,-8.78,4
2024-ASI-CANSAT-049,150634,145,-15.72,909.59,28.34,0.00,11:46:46,13.081677,77.525505,920.28,8,0.063,0.039,-0.859,-4.665,1.585,-3.323,5.943,2,SERVO:CLOSED,-8.74,4
2024-ASI-CANSAT-049,151635,146,-15.74,909.59,28.36,0.00,11:46:47,13.081676,77.525513,920.28,8,0.065,0.038,-0.862,-4.726,1.585,-3.323,5.991,2,SERVO:CLOSED,8.20,4
2024-ASI-CANSAT-049,152640,147,-15.73,909.59,28.36,0.00,11:46:48,13.081671,77.525505,920.28,8,0.064,0.040,-0.860,-4.726,1.555,-3.354,6.000,2,SERVO:CLOSED,8.67,4
2024-ASI-CANSAT-049,153644,148,-15.72,909.59,28.37,0.00,11:46:49,13.081667,77.525505,920.27,8,0.065,0.039,-0.861,-4.726,1.585,-3.354,6.008,2,SERVO:CLOSED,9.27,4
2024-ASI-CANSAT-049,154646,149,-15.72,909.59,28.37,0.00,11:46:50,13.081665,77.525497,920.27,8,0.065,0.039,-0.864,-4.756,1.555,-3.323,6.007,2,SERVO:CLOSED,3.50,4
2024-ASI-CANSAT-049,155650,150,-15.76,909.59,28.38,0.00,11:46:51,13.081664,77.525497,920.27,8,0.065,0.041,-0.860,-4.726,1.585,-3.354,6.008,2,SERVO:CLOSED,-7.99,4
2024-ASI-CANSAT-049,156655,151,-15.73,909.59,28.39,0.00,11:46:52,13.081665,77.525490,920.26,8,0.066,0.037,-0.859,-4.695,1.585,-3.354,5.984,2,SERVO:CLOSED,-9.58,4
2024-ASI-CANSAT-049,157681,152,-15.70,909.58,28.40,0.00,11:46:53,13.081666,77.525490,920.26,8,0.064,0.038,-0.860,-4.726,1.616,-3.323,5.999,2,SERVO:CLOSED,6.91,4
2024-ASI-CANSAT-049,158680,153,-15.71,909.59,28.40,0.00,11:46:54,13.081669,77.525490,920.26,8,0.063,0.040,-0.862,-4.726,1.646,-3.323,6.007,2,SERVO:CLOSED,7.51,4
2024-ASI-CANSAT-049,159686,154,-15.73,909.59,28.42,0.00,11:46:55,13.081672,77.525490,920.25,8,0.063,0.039,-0.860,-4.726,1.616,-3.354,6.016,2,SERVO:CLOSED,9.83,4
2024-ASI-CANSAT-049,160694,155,-15.78,909.59,28.41,0.00,11:46:56,13.081676,77.525490,920.25,8,0.064,0.040,-0.859,-4.756,1.585,-3.323,6.015,2,SERVO:CLOSED,5.44,4
2024-ASI-CANSAT-049,161703,156,-15.74,909.59,28.42,0.00,11:46:57,13.081679,77.525490,920.25,8,0.065,0.040,-0.859,-4.726,1.585,-3.323,5.991,2,SERVO:CLOSED,-9.91,4
2024-ASI-CANSAT-049,162706,157,-15.75,909.59,28.42,0.00,11:46:58,13.081681,77.525490,920.25,8,0.062,0.039,-0.860,-4.695,1.555,-3.384,5.993,2,SERVO:CLOSED,-10.00,4
2024-ASI-CANSAT-049,163715,158,-15.80,909.60,28.43,0.00,11:46:59,13.081681,77.525490,920.24,8,0.065,0.039,-0.861,-4.665,1.585,-3.293,5.926,2,SERVO:CLOSED,-5.29,4
2024-ASI-CANSAT-049,164717,159,-15.78,909.59,28.44,0.00,11:47:00,13.081681,77.525490,920.23,8,0.063,0.038,-0.860,-4.726,1.585,-3.293,5.974,2,SERVO:CLOSED,4.36,4
2024-ASI-CANSAT-049,165725,160,-15.88,909.60,28.44,0.00,11:47:01,13.081682,77.525490,920.23,8,0.062,0.037,-0.858,-4.726,1.555,-3.384,6.017,2,SERVO:CLOSED,6.18,4
2024-ASI-CANSAT-049,166730,161,-15.91,909.61,28.45,0.00,11:47:02,13.081682,77.525490,920.23,8,0.064,0.039,-0.857,-4.695,1.555,-3.354,5.976,2,SERVO:CLOSED,5.47,4
2024-ASI-CANSAT-049,167736,162,-15.86,909.60,28.46,0.00,11:47:03,13.081682,77.525490,920.22,8,0.064,0.040,-0.859,-4.726,1.616,-3.293,5.982,2,SERVO:CLOSED,-3.22,4
2024-ASI-CANSAT-049,168742,163,-15.82,909.60,28.46,0.00,11:47:04,13.081682,77.525490,920.22,8,0.066,0.038,-0.858,-4.756,1.555,-3.323,6.007,2,SERVO:CLOSED,-9.72,4
2024-ASI-CANSAT-049,169744,164,-15.80,909.60,28.47,0.00,11:47:05,13.081680,77.525482,920.21,8,0.065,0.039,-0.859,-4.695,1.585,-3.262,5.933,2,SERVO:CLOSED,2.17,4
2024-ASI-CANSAT-049,170745,165,-15.77,909.59,28.48,0.00,11:47:06,13.081678,77.525482,920.19,8,0.066,0.040,-0.860,-4.695,1.585,-3.323,5.967,2,SERVO:CLOSED,3.01,4
2024-ASI-CANSAT-049,171752,166,-15.84,909.60,28.48,0.00,11:47:07,13.081676,77.525482,920.18,8,0.065,0.038,-0.860,-4.756,1.585,-3.262,5.981,2,SERVO:CLOSED,9.27,4
2024-ASI-CANSAT-049,172754,167,-15.88,909.60,28.49,0.00,11:47:08,13.081671,77.525475,920.16,8,0.064,0.042,-0.859,-4.726,1.677,-3.201,5.949,2,SERVO:CLOSED,8.92,4
2024-ASI-CANSAT-049,173755,168,-15.83,909.60,28.48,0.00,11:47:09,13.081664,77.525475,920.15,8,0.065,0.040,-0.857,-4.726,1.585,-3.323,5.991,2,SERVO:CLOSED,-8.79,4
2024-ASI-CANSAT-049,174760,169,-15.80,909.60,28.48,0.00,11:47:10,13.081659,77.525475,920.13,8,0.066,0.039,-0.861,-4.695,1.524,-3.323,5.951,2,SERVO:CLOSED,-9.17,4
2024-ASI-CANSAT-049,175766,170,-15.77,909.59,28.48,0.00,11:47:11,13.081656,77.525467,920.12,8,0.065,0.036,-0.861,-4.695,1.677,-3.323,5.992,2,SERVO:CLOSED,-8.79,4
2024-ASI-CANSAT-049,176772,171,-15.82,909.60,28.48,0.00,11:47:12,13.081652,77.525467,920.10,8,0.064,0.039,-0.862,-4.695,1.585,-3.354,5.984,2,SERVO:CLOSED,-0.65,4
2024-ASI-CANSAT-049,177780,172,-15.81,909.60,28.49,0.00,11:47:13,13.081645,77.525459,920.09,8,0.065,0.038,-0.860,-4.726,1.585,-3.323,5.991,2,SERVO:CLOSED,9.25,4
2024-ASI-CANSAT-049,178784,173,-15.83,909.60,28.49,0.00,11:47:14,13.081645,77.525459,920.07,8,0.064,0.039,-0.857,-4.726,1.585,-3.293,5.974,2,SERVO:CLOSED,8.88,4
2024-ASI-CANSAT-049,179787,174,-15.77,909.59,28.49,0.00,11:47:15,13.081643,77.525459,920.04,8,0.065,0.039,-0.861,-4.726,1.616,-3.293,5.982,2,SERVO:CLOSED,1.87,4
2024-ASI-CANSAT-049,180791,175,-15.84,909.60,28.50,0.00,11:47:16,13.081646,77.525459,920.02,8,0.065,0.040,-0.859,-4.665,1.585,-3.293,5.926,2,SERVO:CLOSED,-7.31,4
2024-ASI-CANSAT-049,181802,176,-15.88,909.60,28.51,0.00,11:47:17,13.081644,77.525459,919.99,8,0.064,0.039,-0.861,-4.665,1.585,-3.262,5.909,2,SERVO:CLOSED,-2.93,4
2024-ASI-CANSAT-049,182807,177,-15.84,909.60,28.51,0.00,11:47:18,13.081643,77.525459,919.97,8,0.065,0.037,-0.856,-4.726,1.585,-3.262,5.957,2,SERVO:CLOSED,-2.09,4
2024-ASI-CANSAT-049,183810,178,-15.82,909.60,28.52,0.00,11:47:19,13.081642,77.525452,919.95,8,0.063,0.037,-0.859,-4.726,1.616,-3.354,6.016,2,SERVO:CLOSED,6.22,4
2024-ASI-CANSAT-049,184817,179,-15.84,909.60,28.53,0.00,11:47:20,13.081640,77.525444,919.92,8,0.064,0.041,-0.859,-4.726,1.616,-3.293,5.982,2,SERVO:CLOSED,9.94,4
2024-ASI-CANSAT-049,185826,180,-15.77,909.59,28.53,0.00,11:47:21,13.081636,77.525436,919.90,8,0.064,0.038,-0.862,-4.726,1.646,-3.354,6.024,2,SERVO:CLOSED,-5.32,4
2024-ASI-CANSAT-049,186830,181,-15.78,909.59,28.53,0.00,11:47:23,13.081634,77.525421,919.88,8,0.063,0.041,-0.861,-4.756,1.585,-3.323,6.015,2,SERVO:CLOSED,-6.04,4
2024-ASI-CANSAT-049,187840,182,-15.76,909.59,28.53,0.00,11:47:24,13.081639,77.525414,919.85,8,0.065,0.039,-0.863,-4.726,1.555,-3.354,6.000,2,SERVO:CLOSED,-9.98,4
2024-ASI-CANSAT-049,188843,183,-15.79,909.59,28.53,0.00,11:47:25,13.081636,77.525406,919.83,8,0.066,0.039,-0.857,-4.726,1.616,-3.323,5.999,2,SERVO:CLOSED,-5.46,4
2024-ASI-CANSAT-049,189850,184,-15.85,909.60,28.53,0.00,11:47:26,13.081632,77.525398,919.80,8,0.064,0.040,-0.859,-4.787,1.585,-3.293,6.022,2,SERVO:CLOSED,9.92,4
2024-ASI-CANSAT-049,190853,185,-15.81,909.60,28.54,0.00,11:47:27,13.081632,77.525406,919.76,7,0.063,0.038,-0.858,-4.787,1.555,-3.293,6.014,2,SERVO:CLOSED,9.99,4
2024-ASI-CANSAT-049,191860,186,-15.80,909.60,28.55,0.00,11:47:28,13.081625,77.525398,919.72,7,0.063,0.039,-0.861,-4.695,1.585,-3.293,5.950,2,SERVO:CLOSED,6.47,4
2024-ASI-CANSAT-049,192867,187,-15.84,909.60,28.55,0.00,11:47:29,13.081621,77.525383,919.67,7,0.065,0.040,-0.862,-4.726,1.646,-3.323,6.007,2,SERVO:CLOSED,-2.98,4
2024-ASI-CANSAT-049,193876,188,-15.78,909.59,28.57,0.00,11:47:30,13.081622,77.525383,919.62,7,0.064,0.040,-0.862,-4.756,1.555,-3.323,6.007,2,SERVO:CLOSED,-7.29,4
2024-ASI-CANSAT-049,194879,189,-15.75,909.59,28.57,0.00,11:47:31,13.081623,77.525375,919.59,7,0.065,0.038,-0.861,-4.726,1.616,-3.293,5.982,2,SERVO:CLOSED,-6.66,4
2024-ASI-CANSAT-049,195886,190,-15.76,909.59,28.58,0.00,11:47:32,13.081622,77.525383,919.54,7,0.010,0.052,-0.858,-4.543,1.555,-3.232,5.788,2,SERVO:CLOSED,0.48,4
2024-ASI-CANSAT-049,196889,191,-15.77,909.59,28.59,0.00,11:47:33,13.081622,77.525375,919.48,7,0.066,0.040,-0.860,-4.756,1.555,-3.293,5.990,2,SERVO:CLOSED,8.68,4
2024-ASI-CANSAT-049,197897,192,-15.77,909.59,28.60,0.00,11:47:34,13.081622,77.525368,919.43,7,0.063,0.040,-0.859,-4.726,1.524,-3.323,5.975,2,SERVO:CLOSED,0.80,4
2024-ASI-CANSAT-049,198902,193,-15.83,909.60,28.60,0.00,11:47:35,13.081624,77.525360,919.38,7,0.064,0.039,-0.859,-4.756,1.555,-3.293,5.990,2,SERVO:CLOSED,-1.06,4
2024-ASI-CANSAT-049,199906,194,-15.90,909.61,28.61,0.00,11:47:36,13.081624,77.525360,919.32,7,0.065,0.039,-0.858,-4.787,1.555,-3.323,6.031,2,SERVO:CLOSED,-8.74,4
2024-ASI-CANSAT-049,200913,195,-15.87,909.60,28.61,0.00,11:47:37,13.081625,77.525360,919.26,7,0.064,0.040,-0.860,-4.756,1.524,-3.354,6.016,2,SERVO:CLOSED,-8.77,4
2024-ASI-CANSAT-049,201918,196,-15.87,909.60,28.62,0.00,11:47:38,13.081626,77.525360,919.15,7,0.063,0.039,-0.857,-4.695,1.555,-3.293,5.942,2,SERVO:CLOSED,8.16,4
2024-ASI-CANSAT-049,202920,197,-15.93,909.61,28.62,0.00,11:47:39,13.081625,77.525352,919.09,6,0.062,0.039,-0.861,-4.726,1.494,-3.323,5.967,2,SERVO:CLOSED,8.63,4
2024-ASI-CANSAT-049,203928,198,-15.88,909.60,28.62,0.00,11:47:40,13.081629,77.525345,919.03,6,0.062,0.040,-0.858,-4.756,1.555,-3.293,5.990,2,SERVO:CLOSED,9.30,4
2024-ASI-CANSAT-049,204933,199,-15.83,909.60,28.62,0.00,11:47:41,13.081629,77.525345,918.97,6,0.063,0.040,-0.859,-4.756,1.555,-3.293,5.990,2,SERVO:CLOSED,1.87,4
2024-ASI-CANSAT-049,205942,200,-15.87,909.60,28.63,0.00,11:47:42,13.081629,77.525345,918.90,6,0.062,0.039,-0.859,-4.726,1.555,-3.293,5.966,2,SERVO:CLOSED,-9.66,4
2024-ASI-CANSAT-049,206947,201,-15.93,909.61,28.63,0.00,11:47:43,13.081627,77.525345,918.83,6,0.066,0.041,-0.860,-4.726,1.555,-3.323,5.983,2,SERVO:CLOSED,-9.39,4
2024-ASI-CANSAT-049,207953,202,-15.86,909.60,28.64,0.00,11:47:44,13.081622,77.525345,918.76,6,0.065,0.039,-0.857,-4.756,1.555,-3.262,5.973,2,SERVO:CLOSED,-4.30,4
2024-ASI-CANSAT-049,208959,203,-15.82,909.60,28.64,0.00,11:47:45,13.081620,77.525337,918.67,6,0.066,0.039,-0.861,-4.756,1.555,-3.323,6.007,2,SERVO:CLOSED,6.15,4
2024-ASI-CANSAT-049,209968,204,-15.71,909.59,28.64,0.00,11:47:46,13.081623,77.525345,918.59,6,0.065,0.039,-0.858,-4.726,1.616,-3.323,5.999,2,SERVO:CLOSED,4.41,4
2024-ASI-CANSAT-049,210969,205,-15.78,909.59,28.63,0.00,11:47:47,13.081625,77.525337,918.51,6,0.064,0.039,-0.860,-4.726,1.616,-3.262,5.965,2,SERVO:CLOSED,3.61,4
2024-ASI-CANSAT-049,211972,206,-15.82,909.60,28.64,0.00,11:47:48,13.081622,77.525330,918.42,6,0.064,0.037,-0.860,-4.726,1.524,-3.293,5.958,2,SERVO:CLOSED,-4.20,4
2024-ASI-CANSAT-049,212978,207,-15.80,909.60,28.63,0.00,11:47:49,13.081620,77.525322,918.32,6,0.065,0.039,-0.859,-4.756,1.585,-3.293,5.998,2,SERVO:CLOSED,-10.00,4
2024-ASI-CANSAT-049,213987,208,-15.80,909.60,28.61,0.00,11:47:50,13.081618,77.525314,918.23,6,0.064,0.038,-0.858,-4.756,1.585,-3.262,5.981,2,SERVO:CLOSED,4.55,4
2024-ASI-CANSAT-049,214994,209,-15.84,909.60,28.61,0.00,11:47:51,13.081619,77.525307,918.14,6,0.065,0.040,-0.857,-4.695,1.616,-3.323,5.975,2,SERVO:CLOSED,5.31,4
2024-ASI-CANSAT-049,216001,210,-15.75,909.59,28.61,0.00,11:47:52,13.081617,77.525299,918.05,6,0.062,0.039,-0.857,-4.726,1.616,-3.293,5.982,2,SERVO:CLOSED,9.94,4
2024-ASI-CANSAT-049,217006,211,-15.72,909.59,28.61,0.00,11:47:53,13.081614,77.525299,917.96,6,0.065,0.038,-0.861,-4.695,1.555,-3.323,5.959,2,SERVO:CLOSED,6.21,4
2024-ASI-CANSAT-049,218013,212,-15.78,909.59,28.60,0.00,11:47:54,13.081610,77.525291,917.88,6,0.065,0.038,-0.860,-4.695,1.616,-3.293,5.958,2,SERVO:CLOSED,-9.77,4
2024-ASI-CANSAT-049,219017,213,-15.74,909.59,28.60,0.00,11:47:55,13.081605,77.525284,917.79,6,0.063,0.039,-0.860,-4.756,1.555,-3.323,6.007,2,SERVO:CLOSED,-9.92,4
2024-ASI-CANSAT-049,220017,214,-15.75,909.59,28.60,0.00,11:47:56,13.081598,77.525291,917.68,6,0.062,0.039,-0.862,-4.756,1.555,-3.323,6.007,2,SERVO:CLOSED,-7.13,4
2024-ASI-CANSAT-049,221023,215,-15.83,909.60,28.60,0.00,11:47:57,13.081594,77.525291,917.59,6,0.062,0.038,-0.861,-4.726,1.616,-3.293,5.982,2,SERVO:CLOSED,2.14,4
2024-ASI-CANSAT-049,222025,216,-15.79,909.59,28.60,0.00,11:47:58,13.081591,77.525284,917.50,6,0.063,0.039,-0.860,-4.756,1.555,-3.293,5.990,2,SERVO:CLOSED,8.84,4
2024-ASI-CANSAT-049,223030,217,-15.83,909.60,28.60,0.00,11:47:59,13.081583,77.525299,917.40,6,0.064,0.038,-0.861,-4.756,1.585,-3.293,5.998,2,SERVO:CLOSED,7.82,4
2024-ASI-CANSAT-049,224038,218,-15.77,909.59,28.60,0.00,11:48:00,13.081578,77.525322,917.31,6,0.065,0.038,-0.858,-4.726,1.555,-3.323,5.983,2,SERVO:CLOSED,-0.59,4
2024-ASI-CANSAT-049,225040,219,-15.82,909.60,28.60,0.00,11:48:01,13.081574,77.525330,917.21,6,0.063,0.040,-0.861,-4.695,1.585,-3.293,5.950,2,SERVO:CLOSED,-8.75,4
2024-ASI-CANSAT-049,226040,220,-15.82,909.60,28.58,0.00,11:48:02,13.081575,77.525345,917.08,6,0.064,0.039,-0.861,-4.726,1.585,-3.262,5.957,2,SERVO:CLOSED,-0.52,4
2024-ASI-CANSAT-049,227047,221,-15.83,909.60,28.58,0.00,11:48:03,13.081580,77.525360,916.96,7,0.065,0.038,-0.861,-4.726,1.555,-3.262,5.949,2,SERVO:CLOSED,0.36,4
2024-ASI-CANSAT-049,228054,222,-15.78,909.59,28.58,0.00,11:48:04,13.081584,77.525352,916.85,6,0.062,0.039,-0.858,-4.756,1.585,-3.354,6.032,2,SERVO:CLOSED,8.10,4
2024-ASI-CANSAT-049,229057,223,-15.79,909.59,28.57,0.00,11:48:05,13.081589,77.525352,916.74,6,0.064,0.039,-0.862,-4.726,1.524,-3.293,5.958,2,SERVO:CLOSED,9.29,4
2024-ASI-CANSAT-049,230063,224,-15.66,909.58,28.56,0.00,11:48:06,13.081594,77.525360,916.63,6,0.063,0.039,-0.860,-4.726,1.555,-3.354,6.000,2,SERVO:CLOSED,-7.39,4
2024-ASI-CANSAT-049,231072,225,-15.67,909.58,28.56,0.00,11:48:07,13.081596,77.525360,916.52,6,0.062,0.040,-0.861,-4.756,1.616,-3.323,6.023,2,SERVO:CLOSED,-7.95,4
2024-ASI-CANSAT-049,232076,226,-15.67,909.58,28.57,0.00,11:48:08,13.081604,77.525368,916.41,6,0.065,0.039,-0.862,-4.726,1.555,-3.384,6.017,2,SERVO:CLOSED,-9.67,4
2024-ASI-CANSAT-049,233078,227,-15.75,909.59,28.56,0.00,11:48:09,13.081613,77.525375,916.40,6,0.062,0.040,-0.861,-4.726,1.555,-3.293,5.966,2,SERVO:CLOSED,-3.01,4
2024-ASI-CANSAT-049,234086,228,-15.78,909.59,28.57,0.00,11:48:10,13.081617,77.525383,916.31,6,0.064,0.039,-0.859,-4.756,1.585,-3.323,6.015,2,SERVO:CLOSED,9.93,4
2024-ASI-CANSAT-049,235092,229,-15.76,909.59,28.57,0.00,11:48:11,13.081619,77.525375,916.22,6,0.063,0.041,-0.862,-4.726,1.555,-3.262,5.949,2,SERVO:CLOSED,9.78,4
2024-ASI-CANSAT-049,236095,230,-15.84,909.60,28.59,0.00,11:48:12,13.081617,77.525375,916.12,4,0.066,0.040,-0.861,-4.726,1.585,-3.293,5.974,2,SERVO:CLOSED,4.39,4
2024-ASI-CANSAT-049,237105,231,-15.85,909.60,28.58,0.00,11:48:13,13.081620,77.525375,916.03,4,0.065,0.039,-0.862,-4.787,1.585,-3.293,6.022,2,SERVO:CLOSED,-4.33,4
2024-ASI-CANSAT-049,238112,232,-15.74,909.59,28.58,0.00,11:48:14,13.081626,77.525375,915.93,4,0.065,0.038,-0.861,-4.695,1.616,-3.323,5.975,2,SERVO:CLOSED,-6.33,4
2024-ASI-CANSAT-049,239114,233,-15.79,909.59,28.58,0.00,11:48:15,13.081636,77.525383,915.81,4,0.066,0.038,-0.860,-4.726,1.555,-3.293,5.966,2,SERVO:CLOSED,-4.78,4
2024-ASI-CANSAT-049,240116,234,-15.81,909.60,28.59,0.00,11:48:16,13.081646,77.525383,915.70,4,0.063,0.040,-0.860,-4.726,1.555,-3.293,5.966,2,SERVO:CLOSED,4.43,4
2024-ASI-CANSAT-049,241122,235,-15.81,909.60,28.59,0.00,11:48:17,13.081656,77.525398,915.60,4,0.063,0.039,-0.857,-4.726,1.555,-3.293,5.966,2,SERVO:CLOSED,9.95,4
2024-ASI-CANSAT-049,242130,236,-15.72,909.59,28.60,0.00,11:48:18,13.081663,77.525398,915.50,4,0.065,0.037,-0.859,-4.726,1.524,-3.323,5.975,2,SERVO:CLOSED,-1.85,4
2024-ASI-CANSAT-049,243139,237,-15.75,909.59,28.61,0.00,11:48:19,13.081673,77.525398,915.40,4,0.065,0.039,-0.862,-4.726,1.524,-3.323,5.975,2,SERVO:CLOSED,-3.66,4
2024-ASI-CANSAT-049,244146,238,-15.84,909.60,28.61,0.00,11:48:20,13.081685,77.525398,915.30,4,0.062,0.040,-0.859,-4.756,1.555,-3.262,5.973,2,SERVO:CLOSED,-9.71,4
2024-ASI-CANSAT-049,245154,239,-15.90,909.61,28.62,0.00,11:48:21,13.081694,77.525398,915.21,4,0.064,0.037,-0.860,-4.756,1.524,-3.293,5.982,2,SERVO:CLOSED,-7.19,4
2024-ASI-CANSAT-049,246154,240,-15.83,909.60,28.63,0.00,11:48:22,13.081704,77.525391,915.12,4,0.069,0.040,-0.858,-4.787,1.585,-3.354,6.056,2,SERVO:CLOSED,9.40,4
2024-ASI-CANSAT-049,247155,241,-15.80,909.60,28.64,0.00,11:48:23,13.081713,77.525391,915.03,4,0.064,0.039,-0.859,-4.726,1.555,-3.323,5.983,2,SERVO:CLOSED,9.66,4
2024-ASI-CANSAT-049,248156,242,-15.79,909.59,28.64,0.00,11:48:24,13.081719,77.525383,914.95,4,0.063,0.038,-0.861,-4.756,1.555,-3.354,6.024,2,SERVO:CLOSED,8.13,4
2024-ASI-CANSAT-049,249156,243,-15.78,909.59,28.65,0.00,11:48:25,13.081724,77.525383,914.86,4,0.067,0.039,-0.859,-4.665,1.585,-3.323,5.943,2,SERVO:CLOSED,-0.57,4
2024-ASI-CANSAT-049,250160,244,-15.75,909.59,28.65,0.00,11:48:26,13.081727,77.525375,914.76,4,0.064,0.037,-0.860,-4.787,1.524,-3.293,6.006,2,SERVO:CLOSED,-8.73,4
2024-ASI-CANSAT-049,251160,245,-15.79,909.59,28.65,0.00,11:48:27,13.081730,77.525375,914.67,4,0.064,0.040,-0.861,-4.787,1.555,-3.323,6.031,2,SERVO:CLOSED,-8.27,4
2024-ASI-CANSAT-049,252170,246,-15.83,909.60,28.66,0.00,11:48:28,13.081729,77.525360,914.58,4,0.064,0.040,-0.861,-4.695,1.555,-3.323,5.959,2,SERVO:CLOSED,-0.67,4
2024-ASI-CANSAT-049,253171,247,-15.83,909.60,28.67,0.00,11:48:29,13.081726,77.525352,914.49,4,0.064,0.039,-0.856,-4.756,1.585,-3.323,6.015,2,SERVO:CLOSED,8.08,4
2024-ASI-CANSAT-049,254179,248,-15.91,909.61,28.68,0.00,11:48:30,13.081725,77.525345,914.40,4,0.064,0.039,-0.862,-4.726,1.585,-3.293,5.974,2,SERVO:CLOSED,9.01,4
2024-ASI-CANSAT-049,255189,249,-15.86,909.60,28.68,0.00,11:48:31,13.081724,77.525330,914.30,4,0.063,0.039,-0.860,-4.756,1.494,-3.293,5.974,2,SERVO:CLOSED,1.20,4
2024-ASI-CANSAT-049,256219,250,-15.83,909.60,28.70,0.00,11:48:32,13.081725,77.525322,914.20,4,0.064,0.039,-0.861,-4.726,1.646,-3.293,5.990,2,SERVO:CLOSED,-9.42,4
2024-ASI-CANSAT-049,257222,251,-15.79,909.59,28.70,0.00,11:48:33,13.081713,77.525337,914.09,4,0.064,0.039,-0.860,-4.756,1.585,-3.293,5.998,2,SERVO:CLOSED,-9.09,4
2024-ASI-CANSAT-049,258231,252,-15.70,909.59,28.71,0.00,11:48:34,13.081705,77.525337,913.98,4,0.063,0.040,-0.858,-4.756,1.585,-3.323,6.015,2,SERVO:CLOSED,-2.32,4
2024-ASI-CANSAT-049,259238,253,-15.88,909.60,28.72,0.00,11:48:35,13.081699,77.525330,913.87,4,0.063,0.039,-0.860,-4.756,1.585,-3.293,5.998,2,SERVO:CLOSED,6.62,4
2024-ASI-CANSAT-049,260243,254,-15.82,909.60,28.74,0.00,11:48:36,13.081684,77.525345,913.75,4,0.066,0.038,-0.860,-4.726,1.585,-3.262,5.957,2,SERVO:CLOSED,4.07,4
2024-ASI-CANSAT-049,261248,255,-15.92,909.61,28.75,0.00,11:48:37,13.081679,77.525337,913.65,4,0.065,0.039,-0.860,-4.756,1.616,-3.323,6.023,2,SERVO:CLOSED,3.02,4
2024-ASI-CANSAT-049,262251,256,-15.82,909.60,28.76,0.00,11:48:38,13.081674,77.525322,913.54,4,0.063,0.039,-0.859,-4.756,1.555,-3.293,5.990,2,SERVO:CLOSED,-5.44,4
2024-ASI-CANSAT-049,263255,257,-15.83,909.60,28.76,0.00,11:48:39,13.081672,77.525307,913.43,4,0.063,0.039,-0.858,-4.726,1.555,-3.293,5.966,2,SERVO:CLOSED,-10.00,4
2024-ASI-CANSAT-049,264259,258,-15.80,909.60,28.76,0.00,11:48:40,13.081673,77.525299,913.32,4,0.062,0.039,-0.859,-4.726,1.585,-3.323,5.991,2,SERVO:CLOSED,4.50,4
2024-ASI-CANSAT-049,265266,259,-15.79,909.60,28.76,0.00,11:48:41,13.081669,77.525284,913.21,4,0.064,0.040,-0.862,-4.726,1.524,-3.262,5.941,2,SERVO:CLOSED,5.25,4
2024-ASI-CANSAT-049,266269,260,-15.69,909.58,28.76,0.00,11:48:42,13.081649,77.525284,913.09,4,0.064,0.039,-0.857,-4.726,1.555,-3.293,5.966,2,SERVO:CLOSED,9.94,4
2024-ASI-CANSAT-049,267278,261,-15.71,909.59,28.76,0.00,11:48:43,13.081640,77.525269,912.98,4,0.062,0.038,-0.861,-4.756,1.524,-3.354,6.016,2,SERVO:CLOSED,6.25,4
2024-ASI-CANSAT-049,268282,262,-15.74,909.59,28.76,0.00,11:48:44,13.081634,77.525246,912.87,4,0.066,0.040,-0.857,-4.726,1.524,-3.293,5.958,2,SERVO:CLOSED,-9.75,4
2024-ASI-CANSAT-049,269285,263,-15.71,909.59,28.77,0.00,11:48:45,13.081616,77.525253,912.75,4,0.064,0.040,-0.860,-4.695,1.555,-3.323,5.959,2,SERVO:CLOSED,-9.91,4
2024-ASI-CANSAT-049,270289,264,-15.70,909.59,28.78,0.00,11:48:46,13.081616,77.525253,912.75,0,0.063,0.037,-0.860,-4.695,1.585,-3.354,5.984,2,SERVO:CLOSED,-7.17,45
2024-ASI-CANSAT-049,271292,265,-15.69,909.58,28.78,0.00,11:48:47,13.081616,77.525253,912.75,0,0.065,0.037,-0.859,-4.787,1.524,-3.323,6.023,2,SERVO:CLOSED,2.08,45
2024-ASI-CANSAT-049,272293,266,-15.77,909.59,28.80,0.00,11:48:48,13.081616,77.525253,912.75,0,0.063,0.040,-0.860,-4.756,1.555,-3.323,6.007,2,SERVO:CLOSED,8.03,45
2024-ASI-CANSAT-049,273296,267,-15.72,909.59,28.81,0.00,11:48:49,13.081616,77.525253,912.75,0,0.062,0.039,-0.858,-4.726,1.646,-3.262,5.974,2,SERVO:CLOSED,7.30,45
2024-ASI-CANSAT-049,274296,268,-15.70,909.58,28.82,0.00,11:48:50,13.081616,77.525253,912.75,0,0.064,0.040,-0.858,-4.726,1.555,-3.262,5.949,2,SERVO:CLOSED,-0.63,45
2024-ASI-CANSAT-049,275301,269,-15.70,909.58,28.82,0.00,11:48:51,13.081616,77.525253,912.75,0,0.065,0.038,-0.859,-4.787,1.524,-3.262,5.990,2,SERVO:CLOSED,-7.96,45
2024-ASI-CANSAT-049,276309,270,-15.68,909.58,28.83,0.00,11:48:52,13.081616,77.525253,912.75,0,0.063,0.039,-0.860,-4.756,1.616,-3.262,5.989,2,SERVO:CLOSED,-0.44,45
2024-ASI-CANSAT-049,277310,271,-15.70,909.58,28.83,0.00,11:48:53,13.081616,77.525253,912.75,0,0.063,0.038,-0.861,-4.726,1.524,-3.262,5.941,2,SERVO:CLOSED,0.44,45
2024-ASI-CANSAT-049,278316,272,-15.67,909.58,28.84,0.00,11:48:54,13.081616,77.525253,912.75,0,0.062,0.038,-0.860,-4.756,1.555,-3.293,5.990,2,SERVO:CLOSED,8.14,45
2024-ASI-CANSAT-049,279316,273,-15.70,909.59,28.85,0.00,11:48:55,13.081616,77.525253,912.75,0,0.063,0.039,-0.862,-4.756,1.585,-3.293,5.998,2,SERVO:CLOSED,9.25,45
2024-ASI-CANSAT-049,280319,274,-15.81,909.60,28.86,0.00,11:48:56,13.081616,77.525253,912.75,0,0.062,0.038,-0.860,-4.726,1.585,-3.323,5.991,2,SERVO:CLOSED,-6.31,45
2024-ASI-CANSAT-049,281323,275,-15.73,909.59,28.86,0.00,11:48:57,13.081616,77.525253,912.75,0,0.063,0.039,-0.862,-4.726,1.524,-3.293,5.958,2,SERVO:CLOSED,-7.32,45
2024-ASI-CANSAT-049,282327,276,-15.79,909.60,28.87,0.00,11:48:58,13.081616,77.525253,912.75,0,0.062,0.039,-0.858,-4.756,1.555,-3.293,5.990,2,SERVO:CLOSED,-9.67,45
2024-ASI-CANSAT-049,283329,277,-15.80,909.60,28.87,0.00,11:48:59,13.081616,77.525253,912.75,0,0.063,0.038,-0.860,-4.726,1.524,-3.262,5.941,2,SERVO:CLOSED,-4.59,45
2024-ASI-CANSAT-049,284335,278,-15.74,909.59,28.89,0.00,11:49:00,13.081616,77.525253,912.75,0,0.065,0.040,-0.861,-4.726,1.524,-3.293,5.958,2,SERVO:CLOSED,9.99,45
2024-ASI-CANSAT-049,285338,279,-15.70,909.59,28.89,0.00,11:49:01,13.081616,77.525253,912.75,0,0.064,0.039,-0.857,-4.756,1.524,-3.293,5.982,2,SERVO:CLOSED,9.85,45
2024-ASI-CANSAT-049,286339,280,-15.62,909.58,28.90,0.00,11:49:02,13.081616,77.525253,912.75,0,0.062,0.039,-0.858,-4.726,1.555,-3.293,5.966,2,SERVO:CLOSED,4.47,45
2024-ASI-CANSAT-049,287344,281,-15.62,909.58,28.91,0.00,11:49:03,13.081616,77.525253,912.75,0,0.063,0.041,-0.859,-4.695,1.494,-3.293,5.926,2,SERVO:CLOSED,-3.87,45
2024-ASI-CANSAT-049,288347,282,-15.63,909.58,28.91,0.00,11:49:04,13.081616,77.525253,912.75,0,0.065,0.040,-0.863,-4.726,1.494,-3.354,5.984,2,SERVO:CLOSED,-5.41,45
2024-ASI-CANSAT-049,289348,283,-15.59,909.57,28.91,0.00,11:49:05,13.081616,77.525253,912.75,0,0.065,0.040,-0.859,-4.756,1.555,-3.262,5.973,2,SERVO:CLOSED,-4.66,45
2024-ASI-CANSAT-049,290356,284,-15.57,909.57,28.93,0.00,11:49:06,13.081616,77.525253,912.75,0,0.063,0.040,-0.855,-4.726,1.555,-3.232,5.932,2,SERVO:CLOSED,4.12,45
2024-ASI-CANSAT-049,291364,285,-15.62,909.58,28.93,0.00,11:49:07,13.081616,77.525253,912.75,0,0.063,0.039,-0.858,-4.756,1.494,-3.293,5.974,2,SERVO:CLOSED,9.91,45
2024-ASI-CANSAT-049,292368,286,-15.83,909.60,28.94,0.00,11:49:08,13.081616,77.525253,912.75,0,0.063,0.040,-0.858,-4.756,1.524,-3.262,5.965,2,SERVO:CLOSED,-3.14,45
2024-ASI-CANSAT-049,293377,287,-15.77,909.59,28.95,0.00,11:49:09,13.081616,77.525253,912.75,0,0.062,0.039,-0.862,-4.726,1.524,-3.323,5.975,2,SERVO:CLOSED,-3.97,45
2024-ASI-CANSAT-049,294380,288,-15.66,909.58,28.96,0.00,11:49:10,13.081616,77.525253,912.75,0,0.064,0.039,-0.861,-4.726,1.524,-3.354,5.992,2,SERVO:CLOSED,-9.68,45
2024-ASI-CANSAT-049,295384,289,-15.69,909.58,28.96,0.00,11:49:11,13.081616,77.525253,912.75,0,0.063,0.039,-0.858,-4.787,1.494,-3.293,5.999,2,SERVO:CLOSED,-7.28,45
2024-ASI-CANSAT-049,296388,290,-15.75,909.59,28.98,0.00,11:49:12,13.081616,77.525253,912.75,0,0.063,0.038,-0.860,-4.726,1.524,-3.262,5.941,2,SERVO:CLOSED,8.53,45
2024-ASI-CANSAT-049,297391,291,-15.65,909.58,28.98,0.00,11:49:13,13.081616,77.525253,912.75,0,0.061,0.039,-0.858,-4.787,1.524,-3.323,6.023,2,SERVO:CLOSED,9.26,45
2024-ASI-CANSAT-049,298395,292,-15.69,909.58,28.99,0.00,11:49:14,13.081616,77.525253,912.75,0,0.065,0.040,-0.857,-4.756,1.463,-3.293,5.967,2,SERVO:CLOSED,8.27,45
2024-ASI-CANSAT-049,299398,293,-15.65,909.58,28.99,0.00,11:49:15,13.081616,77.525253,912.75,0,0.065,0.039,-0.862,-4.756,1.555,-3.232,5.957,2,SERVO:CLOSED,1.16,45
2024-ASI-CANSAT-049,300400,294,-15.55,909.57,28.98,0.00,11:49:16,13.081616,77.525253,912.75,0,0.063,0.039,-0.858,-4.726,1.524,-3.354,5.992,2,SERVO:CLOSED,-8.83,45
2024-ASI-CANSAT-049,301400,295,-15.66,909.58,28.98,0.00,11:49:17,13.081616,77.525253,912.75,0,0.063,0.037,-0.859,-4.756,1.494,-3.323,5.991,2,SERVO:CLOSED,-8.39,45
2024-ASI-CANSAT-049,302405,296,-15.59,909.57,28.99,0.00,11:49:18,13.081616,77.525253,912.75,0,0.064,0.039,-0.861,-4.756,1.555,-3.293,5.990,2,SERVO:CLOSED,-0.87,45
2024-ASI-CANSAT-049,303405,297,-15.55,909.57,28.99,0.00,11:49:19,13.081616,77.525253,912.75,0,0.066,0.038,-0.858,-4.756,1.524,-3.262,5.965,2,SERVO:CLOSED,7.97,45
2024-ASI-CANSAT-049,304406,298,-15.44,909.56,28.99,0.00,11:49:20,13.081616,77.525253,912.75,0,0.063,0.037,-0.861,-4.787,1.524,-3.293,6.006,2,SERVO:CLOSED,3.50,45
2024-ASI-CANSAT-049,305410,299,-15.54,909.57,28.99,0.00,11:49:21,13.081616,77.525253,912.75,0,0.065,0.039,-0.861,-4.756,1.585,-3.262,5.981,2,SERVO:CLOSED,1.69,45
2024-ASI-CANSAT-049,306414,300,-15.57,909.57,29.00,0.00,11:49:22,13.081616,77.525253,912.75,0,0.064,0.037,-0.863,-4.787,1.494,-3.293,5.999,2,SERVO:CLOSED,-6.31,45
2024-ASI-CANSAT-049,307415,301,-15.71,909.59,29.00,0.00,11:49:23,13.081616,77.525253,912.75,0,0.065,0.037,-0.857,-4.756,1.585,-3.293,5.998,2,SERVO:CLOSED,-9.76,45
2024-ASI-CANSAT-049,308415,302,-15.64,909.58,29.02,0.00,11:49:24,13.081616,77.525253,912.75,0,0.062,0.039,-0.860,-4.756,1.494,-3.323,5.991,2,SERVO:CLOSED,4.67,45
2024-ASI-CANSAT-049,309418,303,-15.61,909.57,29.03,0.00,11:49:25,13.081616,77.525253,912.75,0,0.063,0.039,-0.858,-4.787,1.524,-3.293,6.006,2,SERVO:CLOSED,6.43,45
2024-ASI-CANSAT-049,310423,304,-15.59,909.57,29.04,0.00,11:49:26,13.081616,77.525253,912.75,0,0.065,0.037,-0.858,-4.787,1.524,-3.323,6.023,2,SERVO:CLOSED,9.96,45
2024-ASI-CANSAT-049,311425,305,-15.65,909.58,29.04,0.00,11:49:27,13.081616,77.525253,912.75,0,0.065,0.039,-0.857,-4.756,1.494,-3.323,5.991,2,SERVO:CLOSED,6.10,45
2024-ASI-CANSAT-049,312430,306,-15.66,909.58,29.05,0.00,11:49:28,13.081616,77.525253,912.75,0,0.064,0.041,-0.859,-4.787,1.524,-3.293,6.006,2,SERVO:CLOSED,-9.77,45
2024-ASI-CANSAT-049,313434,307,-15.68,909.58,29.05,0.00,11:49:29,13.081616,77.525253,912.75,0,0.064,0.041,-0.858,-4.756,1.463,-3.323,5.984,2,SERVO:CLOSED,-10.00,45
2024-ASI-CANSAT-049,314441,308,-15.73,909.59,29.07,0.00,11:49:30,13.081616,77.525253,912.75,0,0.064,0.041,-0.859,-4.756,1.494,-3.293,5.974,2,SERVO:CLOSED,-5.97,45
2024-ASI-CANSAT-049,315444,309,-15.75,909.59,29.07,0.00,11:49:31,13.081616,77.525253,912.75,0,0.063,0.038,-0.857,-4.756,1.524,-3.323,5.999,2,SERVO:CLOSED,3.67,45
2024-ASI-CANSAT-049,316446,310,-15.81,909.60,29.09,0.00,11:49:32,13.081616,77.525253,912.75,0,0.063,0.039,-0.860,-4.787,1.585,-3.293,6.022,2,SERVO:CLOSED,6.73,45
2024-ASI-CANSAT-049,317451,311,-15.81,909.60,29.09,0.00,11:49:33,13.081616,77.525253,912.75,0,0.064,0.040,-0.860,-4.787,1.555,-3.323,6.031,2,SERVO:CLOSED,6.05,45
2024-ASI-CANSAT-049,318456,312,-15.81,909.60,29.10,0.00,11:49:34,13.081616,77.525253,912.75,0,0.063,0.040,-0.859,-4.726,1.463,-3.293,5.943,2,SERVO:CLOSED,-2.55,45
2024-ASI-CANSAT-049,319459,313,-15.80,909.60,29.11,0.00,11:49:35,13.081616,77.525253,912.75,0,0.062,0.040,-0.857,-4.756,1.555,-3.293,5.990,2,SERVO:CLOSED,-9.54,45
2024-ASI-CANSAT-049,320459,314,-15.82,909.60,29.13,0.00,11:49:36,13.081616,77.525253,912.75,0,0.064,0.042,-0.859,-4.787,1.555,-3.293,6.014,2,SERVO:CLOSED,-0.35,45
2024-ASI-CANSAT-049,321467,315,-15.73,909.59,29.14,0.00,11:49:37,13.081616,77.525253,912.75,0,0.064,0.038,-0.861,-4.756,1.494,-3.262,5.958,2,SERVO:CLOSED,1.77,45
2024-ASI-CANSAT-049,322468,316,-15.66,909.58,29.15,0.00,11:49:38,13.081616,77.525253,912.75,0,0.063,0.039,-0.858,-4.756,1.585,-3.323,6.015,2,SERVO:CLOSED,8.48,45
2024-ASI-CANSAT-049,323470,317,-15.61,909.58,29.15,0.00,11:49:39,13.081616,77.525253,912.75,0,0.061,0.039,-0.862,-4.726,1.585,-3.293,5.974,2,SERVO:CLOSED,9.22,45
2024-ASI-CANSAT-049,324474,318,-15.67,909.58,29.15,0.00,11:49:40,13.081616,77.525253,912.75,0,0.063,0.037,-0.858,-4.787,1.524,-3.323,6.023,2,SERVO:CLOSED,-7.41,45
2024-ASI-CANSAT-049,325474,319,-15.62,909.58,29.15,0.00,11:49:41,13.081616,77.525253,912.75,0,0.063,0.039,-0.857,-4.756,1.494,-3.293,5.974,2,SERVO:CLOSED,-8.78,45
2024-ASI-CANSAT-049,326478,320,-15.60,909.57,29.16,0.00,11:49:42,13.081616,77.525253,912.75,0,0.063,0.039,-0.859,-4.787,1.494,-3.354,6.032,2,SERVO:CLOSED,-9.17,45
2024-ASI-CANSAT-049,327478,321,-15.60,909.57,29.16,0.00,11:49:43,13.081616,77.525253,912.75,0,0.064,0.038,-0.858,-4.756,1.524,-3.323,5.999,2,SERVO:CLOSED,-1.50,45
2024-ASI-CANSAT-049,328481,322,-15.58,909.57,29.17,0.00,11:49:44,13.081616,77.525253,912.75,0,0.063,0.003,-0.864,-5.000,1.738,-4.024,6.649,2,SERVO:CLOSED,9.53,45
2024-ASI-CANSAT-049,329482,323,-15.61,909.58,29.17,0.00,11:49:45,13.081616,77.525253,912.75,0,0.063,0.039,-0.860,-4.726,1.524,-3.293,5.958,2,SERVO:CLOSED,9.23,45
2024-ASI-CANSAT-049,330486,324,-15.62,909.58,29.18,0.00,11:49:46,13.081616,77.525253,912.75,0,0.061,0.039,-0.859,-4.787,1.494,-3.354,6.032,2,SERVO:CLOSED,2.64,45
2024-ASI-CANSAT-049,331488,325,-15.60,909.57,29.18,0.00,11:49:47,13.081616,77.525253,912.75,0,0.065,0.039,-0.859,-4.726,1.524,-3.262,5.941,2,SERVO:CLOSED,-6.76,45
2024-ASI-CANSAT-049,332494,326,-15.71,909.59,29.19,0.00,11:49:48,13.081616,77.525253,912.75,0,0.062,0.039,-0.859,-4.787,1.524,-3.354,6.040,2,SERVO:CLOSED,-5.39,45
2024-ASI-CANSAT-049,333497,327,-15.61,909.57,29.19,0.00,11:49:49,13.081616,77.525253,912.75,0,0.065,0.041,-0.859,-4.787,1.524,-3.323,6.023,2,SERVO:CLOSED,-3.01,45
2024-ASI-CANSAT-049,334498,328,-15.65,909.58,29.20,0.00,11:49:50,13.081616,77.525253,912.75,0,0.064,0.040,-0.855,-4.726,1.524,-3.323,5.975,2,SERVO:CLOSED,5.46,45
2024-ASI-CANSAT-049,335500,329,-15.58,909.57,29.20,0.00,11:49:51,13.081616,77.525253,912.75,0,0.061,0.039,-0.861,-4.756,1.524,-3.323,5.999,2,SERVO:CLOSED,9.91,45
2024-ASI-CANSAT-049,336506,330,-15.61,909.57,29.18,0.00,11:49:52,13.081616,77.525253,912.75,0,0.016,0.007,-0.865,-10.457,-2.439,123.750,124.215,2,SERVO:CLOSED,-4.46,45
2024-ASI-CANSAT-049,337508,331,-15.63,909.58,29.18,0.00,11:49:53,13.081616,77.525253,912.75,0,0.018,-0.077,-0.812,-5.061,-0.671,117.927,118.037,2,SERVO:CLOSED,-5.64,45
2024-ASI-CANSAT-049,338512,332,-15.58,909.57,29.19,0.00,11:49:54,13.081616,77.525253,912.75,0,0.100,0.056,-0.852,-5.793,-0.091,62.256,62.525,2,SERVO:CLOSED,-9.99,45
2024-ASI-CANSAT-049,339517,333,-15.62,909.58,29.18,0.00,11:49:55,13.081616,77.525253,912.75,0,0.074,0.133,-0.852,-1.372,0.061,-5.183,5.362,2,SERVO:CLOSED,-7.19,45
